-- phpMyAdmin SQL Dump
-- version 5.2.0
-- https://www.phpmyadmin.net/
--
-- Host: 127.0.0.1
-- Generation Time: May 21, 2023 at 04:45 PM
-- Server version: 10.4.27-MariaDB
-- PHP Version: 8.2.0

SET SQL_MODE = "NO_AUTO_VALUE_ON_ZERO";
START TRANSACTION;
SET time_zone = "+00:00";


/*!40101 SET @OLD_CHARACTER_SET_CLIENT=@@CHARACTER_SET_CLIENT */;
/*!40101 SET @OLD_CHARACTER_SET_RESULTS=@@CHARACTER_SET_RESULTS */;
/*!40101 SET @OLD_COLLATION_CONNECTION=@@COLLATION_CONNECTION */;
/*!40101 SET NAMES utf8mb4 */;

--
-- Database: `oms`
--

-- --------------------------------------------------------

--
-- Table structure for table `abouts`
--

CREATE TABLE `abouts` (
  `id` int(11) NOT NULL,
  `about` longtext DEFAULT NULL,
  `municipality_id` int(11) NOT NULL
) ENGINE=InnoDB DEFAULT CHARSET=utf8mb4 COLLATE=utf8mb4_general_ci;

--
-- Dumping data for table `abouts`
--

INSERT INTO `abouts` (`id`, `about`, `municipality_id`) VALUES
(1, '\n    <div id=\"texts\" contenteditable=\"true\">asdfasdfasdfaafasdfasdf</div>\n    <img alt=\"\" id=\"aboutimg\" src=\"data:image/png;base64,iVBORw0KGgoAAAANSUhEUgAAAusAAAPMCAIAAAB0RWBQAAAABmJLR0QA/wD/AP+gvaeTAAAgAElEQVR4nOzdf3Ac9X34//fqTmv9ON3J+mH00z+IQdgOTYwjGyTXDo6x27EaU4Y2ncnQJiST5NPPDGn/INNkJrHVziQh0yGTGf7w5OsmQJowaSnQqXEwxnaohcFWocj5GGomgCmxZdmW0OnXSXe7t98/Djbr3b29vZ97e/d8/KE5ve+9732f7nXvfe1736eVNE0TAAAAvlLjdQcAAACyRgYDAAD8hwwGAAD4DxkMAADwHzIYAADgP2QwAADAf8hgAACA/5DBAAAA/yGDAQAA/hP0ugMAkNnCwsLp06c/mJmtkaQaSdRIktc9Ql6SmpbUhKaJ5ZHw7bdvqaur87pH8B+JuwoAKHNnzpy5dHlCkZsWguF4oF6VOPWqBAFNkdVYfSJam5jr7uzo7+/3ukfwGTIYAGXtyPNHY0uJqcaViZplXvcFRVGbXGxZeL9hmbzrrp1e9wV+wjoYAOXr5VdeicWVq6E1pC8VLFFTd7VxzcJS/MyZM173BX5CBgOgTC0sLFy5cnWqvifJZaNKl5SCHzSsHL88sbi46HVf4BtcRQJQpl588cUrMW2qrttY+E/fSWTcsKVD3rr3QrilfVl9Q9F6h8Jrjf2uvaFm+/btXncE/sCZDYAyNTkdXWjsNRXe/Mnmmhohpb6LlDr/koTQPvyZ1DRNE6HmwLnRkQ39W9u7V5W608jDfG0kMP07r3sB3yCDAVCmApKUCNSbCv/8ays+uz4ohEhqQk2mfmpqUiiaUFShJLW4Ik6cX/jnh99b/PhtXvQauUsE6iW+Jw/XyGAAlKlAjaRK5rV6kqbNLij/e2UhoWqBQE2ksXb8g8WEorVG6senYksJbW13WE0onnTYva/debMQ4sCJt/zVgRy2Wvhg4oP3zts+tXxVX8PyG4wlSSkYrCGDgVtkMADKmfl4ltQ0VROLieRSXA0GA3VyMLaUXFK0UCI5v5SMLyVmY7FEPO5JX3PgeSpjUvD+1Idb3/nf8/H5qKlcbox03jpgKmRVJrJCBgPAT5KqqiaDCSW5pGhJTYmr8lJCW0ooS4q2FE8mEvHFpWWqknm1b5kon9wlpeD9kQLBrj8YvPDyYVN51x8M1gQ4ACEvBBAAP1HVZGrhi5oUkvTh2hdFFQlVKEmhJIWiCkVRbbfVJxi+dufNqUN1qiRFP3jrhaaS1IbGp4ybGytYa1or27bscsN0eYZxBsX62HZb21dku2vrTp2f1S1fte7K+dcWpi7rJaG27uWr1qWrD7jE/4MB4CdJRVGTQtWEmhRqUktomvJh7qI/EEnFaR2MftzVj9bGg7ex0JQ6pPIevbKxpilRMNU0NetwsM95w4yv19pJ292l2zBd+uKwuU6SpN5NO/QlupIkdW/czopd5I85GAB+klSVhCoSqkioqqYJRRFxVShqMq4kFTWpqFpC1VTHDMZ9HmCqmfOG7pX4olLJdtfY1hXpuWn6/beEEM29Nze2dZVmv6hsZDAA/ERJqImkiMWV+NKSUiPFFhfjS0sJJRGLBeKJJTWhJFRNTXMVyZbtlaByW2DrkrHz4vr+O8yR5MN9s92f3B69+LYQousT24rRE1QhMhgAfqIoqqKoywKqFkgKSSiJeLBGFQFNScSDNUmptkZNCk3NIoOxpinG60S+S2LSKdILcd/sslBkRd9tqQfF6AmqEOtgAPiJkkjU1tZ0tIU62sJty5vq6+tWtDWtaG1qaKxf0RZe0RaRArKWTObQsnHdSVHlvAs3G+ophfNq34Jz0+wN67fcsH5LMfaO6sQcDAA/uTYVO3zqfTX1lSRN05JC07SklnosaUITQsQWltw0ZXvNxfbbQCnWr94YNzdt67Avh2oF3NC2BZHlah6HDXNoNijXue004AJ3dgRQpg4dOnQx1GcqvHrxvXOjI1cvvue8bXv3qgLeF6l8lsWUT0+KpHvu/NDQkNe9gD8wBwPAT8It7Rv6t2a851FdfUO4pb00XSo261pja6HpWaAaMAcDoEzZzsGgsjEHA/dYyQsAAPyHDAYAAPgPGQwAAPAfVvICKF/dc+e97gKAMkUGA6BMvfrqq/v27fO6Fyip4eFhVvLCJa4iAQAA/yGDAQAA/kMGAwAA/IcMBgAA+A8ZDACfmZqZ+emvfnX1gw8SiYTXfQHgGTIYAH4yGY3+amzs5rvuevzll9+7dCkej3vdo7QkSSp9UwXcKVDmyGAA+MZkNHrk7Nm+rVvjgcDqXbt++pvfXMgyiTEe4NMd7FPlWaUCbipLH9EfWzeXrqcXGm9gZ92XsUTTNJIYVAkyGAD+MBmNPnf27M1bty4IMSfETCAQ3r37h+fOvZvrTEy6+9rmcL9bN5uk6jjX1DRNr2Zb0zl9AaoKGQwAf3h6ZGT1HXfMCjEtxDUhrmjarBDyrbf+cnQ0Go3q1UwTGNYS40SIsJuVSVfTWMfEYXfpuJwsMU3AWNMa2xLSGlQDMhgA/vCng4Ojx45NqeqkEFc0bUZR5i5fFsePb21tjcViejXtI3ryoZcYK7jZo/uaOuvuABQJGQwAf4iEQn+ybt1/HzlyRVFmVXV+YkJ94YVd7e2tra1NTU16NZdTIDpTrpNznRwwWQLkgwwGgD8Eg8Hejo6/3LDhwvPPz46Pa8eO/dGKFT09Pb29veFwOFWHKRCgenBnRwC+Icvy6q6uvxHiydHRO1aubGtr6+npiUQigUAgn2ZTcyEZ19gWdgLG2Gxh2wSqBBkMAD+RZXlNV9dXGhsXFxdDoVA4HDamL9aEwFhiXB+TMRdxXzPd7kxyuw5lypysjdiWMAWFakAGA8BnZFlub29P92zGb+sYl/Ta1rGt4JwWOH9dyOXuMraQbWWgspHBAEB2rLMsRU0jsrqAxQQMqgcZDABk5maWpTR7L1RNwO/4LhIAAPAfMhgAAOA/ZDAAAMB/yGAAAID/kMEAAAD/IYMBAAD+QwYDAAD8hwwGAAD4DxkMAADwHzIYAD4zMTPz/cOHL09PJxIJr/sCwDNkMAD8ZDwaffL117+8e/fB06ffuXQpHo9ntXm6G0fnU7MYm+fWVAF3CpQ/MhgAvjEejT49Nnb/tm1tgcDXd+589I033h4fzzaJMcn/qO+mBekj+mPr5tL19ELTLbId9p66B2SurwPwGTIYAP5wKRp9amzsi9u21QshhGgKBB7ctevAm2/+Nr8kJv9bIbppIVXHuaamaXo125rO6QtQbchgAPjDoyMjnxscrDeUtAQC927c+IuxsWg0miqxzm2YpjSsJQ5PZSx334KJy8kS0wSMNa2xLSGtQZUggwHgD18aHDx4/Pisquol5yYnnzl5ckcoFIvFbDdJZQAp+nHdWmKtnLGRjLvL8UUCcI0MBoA/tIZC9/T1fe/o0SlVFUKcm5w8ePz4jvr61tbWpqamVB09ydBnL1xOijgrSCMmTJYAeQp63QEAcCUYDK7u6LhP04aPHr1348ZnTp7c2dDQ09PT29sbDofTbVWQ6RDmVIAyRAYDwDdkWf5YZ+dXhXjizJk9LS1tbW09PT2RSCQQCOh1UnMb1pzDtjBbBWlExzQMkA8yGAB+Isvy2s7OBxoaFhcXQ6FQOBw2pi8mpuUvzi2nq+y+EYeMxHRtyyVTNmZtxLaEGSNUCTIYAD4jy3J7e7tDBYfv71ifSlfZ+UtALneXQ8sO+8qqMlDxyGAAIAvWWZaiphHpLorZYgIGVYUMBgCyUPoUwf0eSV9QVfg2NQAA8B8yGAAA4D9cNAVQpg4dOuR1F+CBoaEhr7sAf2AdDIAypSa1q01rVYlhqloENKV99rde9wK+wVUkAGVK1bRaddHrXqB0atXFJJcF4BoZDIAy1docaUxEve4FSqcxMd3SHPG6F/ANMhgAZaq/v782Mcs0TJWQ1VgwMbdlyxavOwLfIIMBUKYaGhpuWNHeEnu/RlO87guKq0ZTli+839VxQ11dndd9gW+QwQAoX7fffnu9XNs+f6E2ueR1X1AstcnF9rl3G+qWbd682eu+wE/4NjWAcnfmzJlLlycUuWkhGI4H6vl2UmUIaIqsxuoT0drEXHdnR39/v9c9gs+QwQDwgYWFhVdeOR2dnZUkqUYSNWluAQ2/SGpaUhOapjWHw3fccTsXj5ADMhgAAOA/rIMBAAD+QwYDAAD8hwwGAAD4DxkMAADwHzIYAADgP2QwAADAf8hgAACA/5DBAAAA/yGDAQAA/kMGAwAA/IcMBgAA+A8ZDAAA8B8yGAAA4D9kMAAAwH/IYAAAgP+QwQAAAP8hgwEAAP5DBgMAAPyHDAYAAPgPGQwAAPAfMhgAAOA/ZDAAAMB/yGAAAID/kMEAAAD/IYMBAAD+QwYDAAD8hwwGAAD4DxkMAADwHzIYAADgP2QwAADAf8hgAACA/5DBAAAA/yGDAQAA/kMGAwAA/IcMBgAA+A8ZDAAA8B8yGAAA4D9kMAAAwH/IYAAAgP+QwQAAAP8hgwEAAP5DBgMAAPyHDAYAAPgPGQwAAPAfMhgAAOA/ZDAAAMB/yGAAAID/kMEAAAD/IYMBAAD+QwYDAAD8hwwGAAD4DxkMAADwHzIYAADgP2QwAADAf8hgAACA/5DBAAAA/yGDAQAA/kMGAwAA/IcMBgAA+A8ZDAAA8B8yGAAA4D9kMAAAwH/IYAAAgP+QwQAAAP8hgwEAAP5DBgMAAPyHDAYAAPgPGQwAAPAfMhgAAOA/ZDAAAMB/yGAAAID/kMEAAAD/IYMBAAD+QwYDAAD8hwwGAAD4DxkMAADwHzIYAADgP2QwAADAf8hgAACA/5DBAAAA/yGDAQAA/kMGAwAA/IcMBgAA+A8ZDAAA8B8yGAAA4D9kMAAAwH/IYAAAgP+QwQAAAP8hgwEAAP5DBgMAAPyHDAYAAPgPGQwAAPAfMhgAAOA/ZDAAAMB/yGAAAID/kMEAAAD/IYMBAAD+QwYDAAD8hwwGAAD4DxkMAADwHzIYAADgP2QwAADAf8hgAACA/5DBAAAA/yGDAQAA/kMGAwAA/IcMBgAA+A8ZDAAA8B8yGAAA4D9kMAAAwH/IYAAAgP+QwQAAAP8hgwEAAP5DBgMAAPyHDAYAAPhP0OsOoFosLCycPn36g5nZGkmqkUSNJHndowqX1LSkJjRNLI+Eb799S11dndc9ygvxU2IVFj+oSJKmaV73AZXvzJkzly5PKHLTQjAcD9SrEqlzKQQ0RVZj9YlobWKuu7Ojv7/f6x7liPjxRMXEDyoVGQyK7sjzR2NLianGlYmaZV73pUrVJhdbFt5vWCbvumun133JGvHjOV/HDyoY62BQXC+/8kosrlwNreHw46FETd3VxjULS/EzZ8543ZfsED/lwL/xg8pGBoMiWlhYuHLl6lR9T5Jpf68lpeAHDSvHL08sLi563Re3iJ/y4cf4QcXjKhKK6MUXX7wS06bquo2F//SdRMYNWzrkrXsvhFval9U3FK131ag19rv2hprt27d73RFXiJ9y46/4QcXjzAZFNDkdXWjsNRXe/Mnmmhohpb5LksqfJSG0D38mNU3TRKg5cG50ZEP/1vbuVaXudEWbr40Epn/ndS/cIn7Kjb/iBxWPDAZFFJCkRKDeVPjnX1vx2fVBIURSE2oy9VNTk0LRhKIKJanFFXHi/MI/P/ze4sdv86LXlSwRqJf88z1k4qfc+Ct+UPHIYFBEgRpJlcxrrSRNm11Q/vfKQkLVAoGaSGPt+AeLCUVrjdSPT8WWEtra7rCaUDzpsB8tfDDxwXvnbZ9avqqvYfkNxpKkFAzW+OYI5GH8fO3Om4UQB068VYKtvFXB8YOKRwaDYjOPd0lNUzWxmEguxdVgMFAnB2NLySVFCyWS80vJ+FJiNhZLxOP571g/nGQ8rpgqGH8t/2NSfbj1nf89H5+PmsrlxkjnrQOmQh+uevMsfmyVfzxkq9LjB5WMDAalllRVNRlMKMklRUtqSlyVlxLaUkJZUrSleDKRiC8uLVOVzKs13ct4vHGoUP7HKikQ7PqDwQsvHzaVd/3BYE2gAj/gpY8fo/KPh2xVW/ygkhCgKDVVTaYWLqhJIUkfrl1QVJFQhZIUSlIoqlAU1aGF1HmwsMyaGAv1ElNl2/kVa6Fzm7a79vDYtnzVuivnX1uYuqyXhNq6l69a51V/iiqf+Ek3u2b7zho3yXarjM+WlaqKH1QS/h8MSi2pKGpSqJpQk0JNaglNUz489ugPRFJJu47ha3fefODEW8ZDiH5Q0cuF4ZiR7cHDuKFxW+NebHdtPGKVmCRJvZt26EssJUnq3ri9Uldc5hk/VrbvrP6UbblIE3Vu2ixDVRU/qCRkMCi1pKokVJFQRUJVE0pSUURcFYqajCtJRU0qqpZQNTX9EahsT2e97VhjW1ek56bU4+bemxvbujzsTFHlGT9ZKdtgK7jqiR9UEq4iodSUhJpIilhciS8tKTVSbHExvrSUUBKxWCCeWFITSkLV1PRXkfI8nU1NluR86ce0d2Nrnh/tuj+5PXrxbSFE1ye2eduTosonfhze/WJMk5T51ItJlcQPKgkZDEpNUVRFUZcFVC2QFJJQEvFgjSoCmpKIB2uSUm2NmhSa6nYdQ4lZ0xS9M6krDqXvkm5ZKLKi77bUAw+7UWz5xI+DYrx3nie1WamS+EEl4SoSSk1JJGprazraQh1t4bblTfX1dSvamla0NjU01q9oC69oi0gBWUsmi9eBnJfIGBnXwZSPG9ZvuWH9Fq97UVx5xk/Gd7+aJ2OqIX5QSZiDQaldm4odPvW+mvpKiaZpSaFpWlJLPZY0oQkhYgtLttuargLYFhoPUdbKbrjfi3EBbzmccAflOq+7UHT5xI+t3C4sOm+V58VKr1RD/KCScGdHFNGhQ4cuhvpMhVcvvndudOTqxfect23vXsV9bYqhe+780NCQ171whfgpQz6KH1Q85mBQauGW9g39WzPes6auviHc0l6aLsFHiB8AKWQwKLVl9Q2cGSNnxA+AFFbyAgAA/yGDAQAA/kMGAwAA/Id1MCiu7rnzXncBPkb8AEiHDAZF9Oqrr+7bt8/rXuA6w8PDfvk2LPFThnwUP6h4XEUCAAD+QwYDAAD8hwwGAAD4DxkMPDB/4cH5d76mKgvc1AI5IH4ACFbyovTm3/q0HEhoQbF09qallS82Na8OBolDuEX8AEhhDgYltXj5x3Xtt4j6Okn+eF1taO7tr8/MzGQ8k5YkqVAdcN9UAXeKQiF+AOjIYFBSUk29lpwOBERg/rRQlNj8TDQaTSaTv6/gYtyXPqI/Nm0uXc/4rPFoZ92XsUTTNA5C5Yb4AaAjg0FJLVtx3/zEe8mleW1udnZx9jeTf2Ua5d2sbEjVcaipaZpeJ10158MPyhPxA0BHBoOSC31BCiyLzU39v4ktHV3rIpFITc3v49B0yms6Cbbl8mTXdAJtPTLZlnBYKjvEDwAhBBkMSk+WZSEJVQSj8v9ZtWpVU1OT7SifOmA4nASjOhE/AFLIYFBqqeNNjRZb3hxqamoqyBdJONmtHsQPgBQyGHhDk2o0vsyPXBE/AMhgUGp1N3whNj0+Ld1WX18fCAQK1Syn0VWC+AGQwkkMPKB2jyp1kx319bIsp6vjcETRv/Ka1RKHVIP6JtZGbEtYRVGGiB8AggwGnohEIpFIxPYp5697ONcx1Xc+eLj5LgnKE/EDQHAVCVUlqysFnEDDhPgBygoZDKqL+4MKhx9YET9A+SCDAQAA/kMGAwAA/IcMBgAA+A8ZDAAA8B8yGAAA4D9kMAAAwH/IYAAAgP+QwQAAAP8hgwEAAP5DBgMPTMzMfP/w4cvT04lEwuu+wH+IHwCCDAalNx6NPvn661/evfvg6dPvXLoUj8e97lHZcX/zncJu6wt5xk9WNzbKvnfeq/gXCOjIYFBS49Ho02Nj92/b1hYIfH3nzkffeOPt8fGsDkLGYTfdEJwqdzlAp2tQkiTrr6ZC61OmZ62/6iUOm+i31DFVsO7IWpLV3Qd9J//4sSpUvlhuwWNqpNpCBdWADAalcykafWps7IvbttULIYRoCgQe3LXrwJtv/jbXg1C6m+cV6aZ62kdMByfNIP8GbVvWK1j3lfPefafg8ZNSmr9biYNHb992k4oPFVQJMhiUzqMjI58bHKw3lLQEAvdu3PiLsbFoNKoXWk8ubacihN1ci6nEVNNYx5l+aHGubD3lzbNNY4M5H2Yq9dzaTfzYBkPGcEr3VMZyW+UQPC7br9RQQZUgg0HpfGlw8ODx47Oqqpecm5x85uTJHaFQLBbTC00nl8bzVGMFN3t0U9O0o2xflFW6Gf58GtTSXFeyLalULuPHyHkey/RHs0aaQyN6U+UZPLb9qZ5QQZUgg0HptIZC9/T1fe/o0SlVFUKcm5w8ePz4jvr61tbWpqYmvVq246ybo0hBjjR6x5xbcD9X76ZB06yM6VBqLalgbuLH+kYXKiHIs5HSB4/e4SoMFVSJoNcdQBUJBoOrOzru07Tho0fv3bjxmZMndzY09PT09Pb2hsPhVB3TfIMn/TSO+8Yu6UfEgrTppsFCndlXBjfxY1WQP6D7RsokeIwfIkIIlYoMBiUly/LHOju/KsQTZ87saWlpa2vr6emJRCKBQCCfZlOnlRnPbtPVsT5lfGx74UA/LLk/QqRrM10j1kI3JZXNTfy4/3vmwNpIeQaPm54DfkcGg1KTZXltZ+cDDQ2Li4uhUCgcDlsPP8b6mmUFg/Ec1IH7mtmyHocK1aDpgGQ6Vpn+FMLyx9G3quBjlXP8mNj+fbKtnFUjGZUseGyr6Y9TDyo7VFDxyGDgAVmW29vb0z1rHVKtZ73WctvHpjNXh8E6XVPCkCu4rJ+xq7abuClxX62yOcePcPFuGh9njCJrI9nurvTBk+2+AD9iJS9QXvI8L+esupplFTyECvyODAbVwkeDdT5d9dHLRDG4DwBCBX5HBgMAAPyHDAYAAPgPGQwAAPAfMhgAAOA/ZDAAAMB/yGAAAID/kMEAAAD/IYMBAAD+QwYDAAD8hwwGHpiYmfn+4cOXp6cTiYTXfYH/ED8ABBkMSm88Gn3y9de/vHv3wdOn37l0KR6PG5/N/1a9qGzO8VPZsrrnUVF7ApQDMhiU1Hg0+vTY2P3btrUFAl/fufPRN954e3y8IAch45Cd2/CdbivpI8Zf020lGZh+TVdi23nbasgYP4X6W2V8i02/Wt8m6/vu0L7LBk13MjLFpHGrPO8PCvgCGQxK51I0+tTY2Be3basXQgjRFAg8uGvXgTff/G2BkhhdAW9ZlzpspGQ8JBgrp/pgfaA/NpbYvgTrhlWuZPGTLWuEWCMhzwatTE/lszvAp8hgUDqPjox8bnCw3lDSEgjcu3HjL8bGotGotb51oiLd2arxV2F3gmt7tpqxw6azXv2IYntosZ4iu6c3mE8jFc9l/DiHgXMIZaSnJs65hfs30U2D1jbd7IJpGFQ8MhiUzpcGBw8ePz6rqnrJucnJZ06e3BEKxWIxU2XT5IfxV72O6VTVegJqO4Pifk6lSGyPmqn+kL44cBk/DvMQprfeYYKtGDllVtmzczvWLhWkZcBfyGBQOq2h0D19fd87enRKVYUQ5yYnDx4/vqO+vrW1tampKYcGPRy1HRKgjL1itj832caPmyykUCmFnmQ7VHN/oSdjg6Z5JmPLJDGoHkGvO4AqEgwGV3d03Kdpw0eP3rtx4zMnT+5saOjp6ent7Q2Hw9m2Zhzfy2rUTvUq2y6lXg7TMA4KGz8pWf21TRen9Dcrt3c85waNYU+0oJqRwaCkZFn+WGfnV4V44syZPS0tbW1tPT09kUgkEAh43TUbppRCTzKMz6arnBXjoYvDkoNs48f939NazXZb02IU2/pZvYluGsyh80A1IINBqcmyvLaz84GGhsXFxVAoFA6HbQ8/plxBGMZ348HeWt+0UMa0lTNr5axacDmHb+p2xvowco4f2zDQOYRQQd4IUxJjLC9Igw7re6wvhLQGFY8MBh6QZbm9vd32KVP+ke4p5wouG8nYfrYtpGvEeROHChyBbDnEj7DMauTwfqV71vZXN0GY1bYuw1IQKqh6rOQFAB/IapUuEzCoBmQwACpWhc1SuH8JFfBigYzIYAAAgP+QwQAAAP8hgwEAAP5DBgMAAPyHDAYAAPgPGQwAAPAfMhgAAOA/ZDAAAMB/yGAAAID/kMHAAxMzM98/fPjy9HQikfC6L/Af4geAIINB6Y1Ho0++/vqXd+8+ePr0O5cuxePxdDXd3wUG1cN9/FSwdB8NPjKoKmQwKKnxaPTpsbH7t21rCwS+vnPno2+88fb4eLYHIZfDtGRg+5RtzVS5tQTlINv4cXjvcn5bHaJF2IWWaV/6Yzdb2Qah6a6Nxqeyuvsj4HdkMCidS9HoU2NjX9y2rV4IIURTIPDgrl0H3nzzt9knMS5pH3Ee1lN1jA+M23KTvDJR+vixZY0W48+s2nHeyjYsTchXUM3IYFA6j46MfG5wsN5Q0hII3Ltx4y/GxqLRqF5oe9JpW5LuWStjEpM6heVs1Xdyix+HUDFOgRg3t63snjW09BLT9InzVrZMLVhbI7BRPchgUDpfGhw8ePz4rKrqJecmJ585eXJHKBSLxVIlenphGqZNOYdewVi/sAN3zgcwFElu8WM7r5Z6W53nNpiBA8ocGQxKpzUUuqev73tHj06pqhDi3OTkwePHd9TXt7a2NjU1OWzonEwUKdXgAFZuXMaPQyRkFSr5RFS6aRjncGL6BMhK0OsOoIoEg8HVHR33adrw0aP3btz4zMmTOxsaenp6ent7w+Fwuq2M477t+J5VkmG6apDxoILy4SZ+9Jk5YQmMjIFk5NAOgDJBBoOSkmX5Y52dXxXiiTNn9rS0tLW19fT0RCKRQCCQf+MO6YjxKWMdTnn9xWX8FGoyI592ctuWaRjAPTIYlJosy2s7Ox9oaFhcXAyFQuFw2Hj4cVgFaS2xLo4x7cvhqYyMO+UsvHw4x4/pHU8XKs5PWdtxlnGVbk2xFrQAACAASURBVAG3Ml2NsjbCtCKqBxkMPCDLcnt7e7pnbb9e4VDi8OWOjIXp2uEYUM4c4ierUHH5VMYduYyi3GIv49IZ534CFYyVvADgJw5XmpiAQVUhgwEAn8lq3hGoVGQwAADAf8hggKq2f//+/fv3Wx8DQJkjgwEAAP5DBgMAAPyHDAYAAPgPGQxQdSSD4eHh4eHh1ONf//rXep39+/dL6RmXyxSvZvH/EgB8jAwGqDqawb59+/bt25d6/OlPf1qvs3//fi09U7ZRpJrF/0sA8DEyGAAA4D9kMAAAwH+4LxI8MDEz89ORkS8MDLQ2NtbW1nrdnapmunbjWT+yEZ2aPPnvTw8O7Q01NxM/QNViDgalNh6NPvn661/evfvg6dPvXLoUj8e97hH8ZHpy8tXnDt3Zt/bFn/3k4nsXyi1+Cr4AubANum+NldQof2QwKKnxaPTpsbH7t21rCwS+vnPno2+88fb4eLkdhIwcbqGXYvw13VbGb9yYfjW1YKpmatB2w6oyPTn52pHDA3031ySW7lzT8+qjP7504d3Cxo/tHzaHv7b1Tcx579Y6pliy7tQ2TqTr7/to3ZexxOH+kUCZIINB6VyKRp8aG/vitm31QgghmgKBB3ftOvDmm78t7yTGKnUkSMk4yhsrp44f1gcppmpW6TasEtOT1147cmigb60WW0jOzUoz0e3NDaM/eujiu+8UMH5s/7A5/LVze4PcbKXHgEOFjHHinL4AvkAGg9J5dGTkc4OD9YaSlkDg3o0bfzE2Fo1G9UKX8xDC7gQ03VPpWk63FwemE1k9ibHNZkyVs6I3mE8jleQ/n3lqy+pV2txMcnpKnbyqXr2cnI3esqzm1L88ocdPxvkJ4+N0ExW2TZkK0wVeunZsO2Blu3dnLidLrHFrbSe3lgGvkMGgdL40OHjw+PFZVdVLzk1OPnPy5I5QKBaLpUqMMxbp2tEnP6yzIA5PCcMkR3lmBtaDlv5aPOxV+dh29z0nRv8rPnVNnbyqXhmPz0SvzM2/rNZ2Dm7X40dkigGTdHNpDnFo3SRdI8Zns3qlbj4FAMhgUDqtodA9fX3fO3p0SlWFEOcmJw8eP76jvr61tbWpqUmvVrzTPlOKoB8eCpXTOBwv3ZxSc9ByFoo03zp097HXzsavTiRmZ67OL7ykBLt3DZnip/RczpcUL3VmsgTViQwGpRMMBld3dNy3bt3w0aMnJyZ+cuLEzoaGnp6e3t7ecDicqqOfyxZ8RPb2vDa3/ab6zMEpJRgMdvauvO2++0+8+/7E7NwpJdiza8gUP6XHfAngFf4fDEpKluWPdXZ+VYgnzpzZ09LS1tbW09MTiUQCgYCxWukP2+6v15hqmpIM61WtnE+49Q25lqSTZblr9ZpPPfCN00/+cu0df5gufspW8d5KMl1UITIYlJosy2s7Ox9oaFhcXAyFQuFw2Hj4MV3iKeC4nHNTDledhN36x5z3a0p9su5odZBluXvNjZ/5yl/bxo+DrALA4S3OKkT1Z7N6Q53bzO1SlDXzNjViW0IcopyRwcADsiy3t7fbPmW7cNL216wepGtcl26wTreJQ8sZX4LLvqVrk4OKm/ixjQE371rGDbN9f43PZswJ0oVuxm5bN3G5I5f1gTJEBgMA3rBOtBQ1jcjqGhYTMCh/ZDCAEJyAwp084ySraZJicL9HPhEof3wXCQAA+A8ZDAAA8B+uIgEoU5s2bTp06JDXvcB1Nm3a5HUXgA+RwQAoXy0tLV53AdeZmpryugvAh7iKBAAA/IcMBgAA+A8ZDAAA8B8yGAAA4D9kMAAq1sDAwMDAgNe9KGvnz59/6623+P918CO+iwQPTMzM/HRk5AsDA62NjbW1tV53B75hTEdOnTrlYU8qRiwWGxsbO3v27MaNG2+88UZucA0fYQ4GpTYejT75+utf3r374OnT71y6FI/Hve4RfEPPWkhfCmt+fn5kZOTw4cNXrlzxui+AW8zBoKTGo9Gnx8bu37atXoiv79z53eef/0shPtbZKctyqkIJ7idnuwv91FN/KlVi/NX0lLG+6cw1dQs9a4m1NWu1nF9XFTJdIdLTGtsrR9b5m1SJ6bHtNE+VzP1cu3btueeeW7Vq1aZNm0KhkNfdATJgDgalcykafWps7IvbttULIYRoCgQe3LXrwJtv/nZ8XJ+J8eQQnsonUjLOohsr673VH1sLjSVWthsiK6dOnTJmIXouYkw1TIXpFsfYVjMWVnD6kqJp2oULF5599tmZmRmv+wJkwBwMSufRkZGv/NEf1RtKWgKBezdu/MXp019vaGhvbxd2kxN6VmE8wKebMjEWWuvYMk3JGCdLTBMn1spZ0VsrwTwTbFnnbIxLffUJGIcpnIrPYCRJuuWWWz7xiU8sW7bM674AGZDBoHS+NDh48Pjx/7tjR1MgkCo5Nzn5zMmTe1paYrGYtb6eiJgeCMvFHeslHttLNiVmTaFIX7zlMv8wVTNeWhoYGKjgJKa7u7u/vz8SiXjdEcAVriKhdFpDoXv6+r539OiUqgohzk1OHjx+fEd9fWtra1NTU1ZNSR/Js05G6a4ruWk84yUkeMvlpSVhuSZVeZqbm++6666dO3eSvsBHmINB6QSDwdUdHfdp2vDRo/du3PjMyZM7Gxp6enp6e3vD4bD7dtItqjUpaupguw43I64i5cnNXIjp2lC6QtvNbatV9jJeWZY3bdq0fv36mhpOaOEzZDAoKVmWP9bZ+VUhnjhzZk9LS1tbW09PTyQSCXx0XakYnDOGdN8SMlWwrZxbN0hicma9vpPxsUOh7SbO1SrP+vXrve4CkCMyGJSaLMtrOzsfaGhYXFwMhULhcDjb9CXdd5XTlWT87rRz5Yx7T8e6uBgAUChkMPCALMupbx5ZWdfqWh8Iu4TAel0pXdJgW+7QoPVZNy0XpEEAQDpkMKgQ7idRAAAVgAwGFYLEBQCqCovPAQCA/zAHA6B8TU1Ned0FAGWKDAZAmVKT2tWmtarEMFUuAprSPvtbr3sBfIirSADKlKppteqi173A79Wqi0kWnKFskMEAKFOtzZHGRNTrXuD3GhPTLc3cdgDlggwGQJnq7++vTcwyDVMmZDUWTMxt2bLF644AHyKDAVCmGhoabljR3hJ7v0ZTvO5LtavRlOUL73d13FBXV+d1X4APkcEAKF+33357vVzbPn+hNrnkdV+qV21ysX3u3Ya6ZZs3b/a6L8DvscgfQFnbveuuM2fOiMvvKnLTQjAcD9Tz7aTSCGiKrMbqE9HaxFx3Z0d/f7/XPQKuw0AAD0SnJk/++9ODQ3tDzc21tbVedwflbvPmzQsLC6+8cjow+ztJkmokUePu5prIWVLTkprQNK05HL7jzru4eIQyRAaDUpuenHztyKE7+9Ye/dlPPvnZe7pWrpJl2etO/Z4kSYW9QUFhG3TfWsFfiLcaGhp27LjT615kYcuWLQ8++OC9996b+lV/O/71X//1H//xH0+fPu1p74BKwDoYlNT05ORrRw4P9N1ck1i6c03Pq4/++NKFd+PxeAF3IdmdndsWumkn2w3d1Jc+oj+27tTI+KwxKbHuy1iiaVoOrxqF8u1vf3v//v3JZNJYmEwmh4eHv/Od73jVK6CSkMGgdKYnr7125NBA31ottpCcm5VmotubG0Z/9NDFd98pYBJjO/GQw2xEbhMYbrZK1XGoqWmaXiddNef0BZ4bGhpqbGx86qmnjIX/9m//1tjYuGfPHq96BVQSMhiUzn8+89SW1au0uZnk9JQ6eVW9ejk5G71lWc2pf3kiGv3wH5dlnJ8wPk43UWHblKnQtImpxLqJbQesbPfuzOVkiWkCxprZ2JaQ1njINA3DBAxQWGQwKJ1td99zYvS/4lPX1Mmr6pXx+Ez0ytz8y2pt5+D2WCymV0tNPKQO2BmPwdpHrPmH/lTGTdI1Ynw2q1fqsHdUD9M0DBMwQGGRwaB0QpHmW4fuPvba2fjVicTszNX5hZeUYPeuodbW1qamJg875nK+RE9xCr5IlsmSSmWchmECBigsMhiUTjAY7Oxdedt995949/2J2blTSrBn11BPT09vb284HPaqV8yXoHiM0zBMwACFRQaDkpJluWv1mk898I1zrb1r9/5Zb29vb29vJBIJBAJed80V/fJWkVoueLPw3De/+c3vfve7QohvfetbXvcFqChkMCg1WZa719z4ma/89U033ZRV+pI6xme1PNa2sl6uf9/HoVn9WTc9dNlV67pg9206NGJbwsSS5/bu3Zt68NnPftbbngAVhgwGHpBlub29vbe3d/ny5ab0RT/iWh8Iw5Jb6xeSbTdMV9N0zUi7nm07qccZcwLr3h2WEtt2zNpUuh2lexUOW6H0JEnat2+f4OvuQKHxP3mB3FmPSUVNILK6hsUEjLf279/vUGJ9FkC2yGBQXfI8qJs2L32K4H6PpC8AKhsZDAAUnmmWZXh4mHkXoLBYBwMAAPyHDAYAAPgPGQwAAPAfMhgAAOA/ZDAAAMB/yGAAAID/kMEAAAD/IYMBAAD+QwYDD0zMzHz/8OHL09OJRMLrvgAAfIkMBqU2Ho0++frrX969++Dp0+9cuhSPx73ukQfS3eSPm/8BgEtkMCip8Wj06bGx+7dtawsEvr5z56NvvPH2+LhDEuNwRM/5YC9dz1iiPzbtxVricivTjvRnTTct0p9N3bsxt9cFAFWFDAalcykafWps7IvbttULIYRoCgQe3LXrwJtv/tYxiSk4TdNSCYTxgcj+VogZt7LuyBYpCwDkgAwGpfPoyMjnBgfrDSUtgcC9Gzf+YmwsGo3qhaZJC+tj61MZ50iyYp0I0Uus0ycOW9kytWBtkGkYAHCDDAal86XBwYPHj8+qql5ybnLymZMnd4RCsVgsVZI6ohsnLayP9WO8w9yGtZ0y5JAPAQCckcGgdFpDoXv6+r539OiUqgohzk1OHjx+fEd9fWtra1NTk17Nee2L+2mVfGYy0k3DOCccOUyf2E4jAQAyCnrdAVSRYDC4uqPjPk0bPnr03o0bnzl5cmdDQ09PT29vbzgcTtVJpQj6FItxc2MCkfF479BO+TC+nLLtJACUpywymIWFhdOnT38wM1sjSTWSqOGUsfwkNS2pCU0TyyPh22/fUldX53WPzGRZ/lhn51eFeOLMmT0tLW1tbT09PZFIJBAIGKsVai1IPu3kti2rWIrE7+PPf/zHfxw6dMjrXmSh/AeTrPg9fipebvHmNoM5c+bMpcsTity00NgTD9SrEpM3ZSqgKbIaU2LR554/2t3Z0d/f73WPzGRZXtvZ+UBDw+LiYigUCofDxvTF+L1iYUgIjMtf9ArpnrK24yzjKt0CbpXxahTzMVaMP54o/8HEJeLHF3KIN1dv5JHnj8aWElOhNYmaZXl3EsWlSsFYsCkWbKpdtigm3v/g6Au77trpdafMZFlub2+3fcp68DaWWL+24+apjDty89j93rPtics6VYvxxyu+GEwyIn78Iod4y7yS9+VXXonFlau8/X6TqKm72rhmYSl+5swZr/uC6zhcaWICxoTxpxz4dzAhfvzIfbxlyGAWFhauXLk6Vd+TZNrNh5JS8IOGleOXJxYXF73uC67j8E9lStyTcsb4Uz78OJgQP/7lMt4yvK+jo6NxuSkRuG5NzT99J/Pd+Fo65K17L4Rb2pfVN7jpLookXrMsURs6ffr09u3bve4LkB3Gn7Liu8GE+PE1N/GWIYOZnI4uNPaaCm/+ZHNNzUcrJVNnjJIQ2oc/k5qmaSLUHDg3OrKhf2t796r8XgXyNV8bCUz/zuteAFlj/Ck3/hpMiB+/yxhvGTKYgCQlAvWmwj//2orPrg8KIZKaUJOpn5qaFIomFFUoSS2uiBPnF/754fcWP35bni8A+UsE6r36fu+mTZv89Q3SarBp0yavu+AW40+58XAwyQHx43cZ4y1TBlMjqZJ5rYykabMLyv9eWUioWiBQE2msHf9gMaForZH68anYUkJb2x1WE0q+fUd6Cx9MfPDeedunlq/qa1h+g7EkKQWDNZ4NOi0tLV7tGrampqa87oJbjD8l4KPBJFsVHD9fu/NmIcSBE28VvHKxFTbe3KxvMm+f1DRVE4uJ5FJcDQYDdXIwtpRcUrRQIjm/lIwvJWZjsUQJbzVcherDre/87/n4fNRULjdGOm8dMBWyNBR+VuDxp6xG83JQ6YMJx6/MSvmhKGy85XJfpKSqqkmRUJJLihZPKHFVW0poS3FlSdGW4sl4Ir64pKhK5tVSyJkUCHb9waC1vOsPBmsCrLpHJWP8KaxqG0yIH28VNt5yCVBVTaYuHKpJIUkfXjtUVJFQhZIUSlIoqlAU1XZbU65n/DX12PqssVCv/7U7b063VZVYvmrdlfOvLUxd1ktCbd3LV63zsEtACeQ//ojrRxL9WeMYYhpYjNVMG1bAyFNVg0lBjl/WA5CwO3JZj3Qu48o2wEyVTb1yWdlh85J9KAoYbznNwSiKmhSqJtSkUJNaQtOUD997/YFIKtldR9T/dvpfwVgirv9jWf/ipj96NZAkqXfTDn2VkyRJ3Ru3+2iRHZCbfMYffWA1DhrWQSZ1fLI9ROmFthV8qqoGk/yPX7YHIP1Xh6OSKWyMNTNGoLWyyz5kzLBL/6EoYLzlMgeTVJWEKhKqSKiqpglFEXFVKGoyriQVNamoWkLV1CwzGCP3f/Gstqo8jW1dkZ6bpt9/SwjR3HtzY1uX1z0qvIGBASHEqVOnvO5I+Tp//rwkSTfddFOlHnJMij3+CAaTCh1MUvKPH/fhYaqZ84bloLBdKlS85ZLBKAk1kRSxuBJfWlJqpNjiYnxpKaEkYrFAPLGkJpSEqqlpZuHSSaV+1vVEzqlcuq2qR/cnt0cvvi2E6PrENq/74koqI0khLymIWCw2NjZ29uzZjRs33njjjRWfxxR8/LEOMhUwrZID3w0muSl2/HhyVCp4xJbgQ1GQeMspg1FURVGXBVQtkBSSUBLxYI0qApqSiAdrklJtjZoUmppdBiMMl9b0S4zC9XyMaavqsSwUWdF3W+qB131x5dSpU0yrFMP8/PzIyMj//M//9Pf3r1ixwuvuFFHBxx/TuGG7OK8a+G4wyU2x40d4cVQq+F5K8KEoSLzlNgeTqK2t6WgLLS4uU5KaqtWsWFanKKqiScsaJDUppJpaLZnM2I5paYvze2BboTqzFpMb1m/xugu5M07JCENaYyq3FqZqGpMh/bHtNE+VzP1cu3btueeeW7Vq1aZNm0KhkNfdKYpCjT9WjCe+HkxcKnb8lCCKHHII697zTDiK+nLyj7dcMphrU7HDp95XU0u6NU1LCk3TklrqsaQJTQgRW1iy3dY0w2ZcumxaxmysKdKvfamkbwTkJijXZa5U3vQUZGBgwDRJo2cepsJUTWtTttWqatZH07QLFy5cvnz5j//4j8PhsNfdKbx8xh9hNwQ5jzxVpQIGk4zyjB8jh/gxluhsv11rKkwXeM6HTocYdvM1F68+FPnHm+R8L9xDhw5dDPWZCq9efO/c6MjVi+85N93evYr7SpSJ7rnzQ0NDpd/voUOHrP+T13biRFgmURxmVlJMKY5DtcqegHn99dfHxsb0XyVJuuWWWz7xiU8sW7bMtv7U1JQnwZADxp8y5NVgkoPyiZ9qXqyZJ+d4y2UOJtzSvqF/a8Z7RtTVN4Rb2nNoH0jHZf5hqmZMYtJN3lSG7u7u/v7+SKSS1zEw/iAfVRs/DrM7Je5JAeWSwSyrb+DMBuXAes0oXU3rhE2FaW5u7u/v7+qq2C/B6hh/kA9P4qccsoRy6EPBVeA/jUY5czMXkpoysS7yNRXabm5brbKvIsmyvGnTpvXr19fU5PIPKgHAp8hgUFLW6zsZHzsU2m7iXK3yrF+/3usuAIAHOGkDAAD+k3kOpnvufAn6AQBWjD/IB/FT2TJkMK+++uq+fftK0xUUz/DwsF++AAnoGH/KkI8GE+KnAjjHG1eRAACV5qWXXvK6Cyg6MhgAgJ/s379///796Z599tlnN2/e/Ld/+7cl7BG8wXeRUFxTU1NedwFA5VNV9ec///kPfvCDjo6Ohx9+eOvWrcPDw153CsWVYwYzf+FBkZytW/lwTaBekqTC9gkVQ01qV5vWqhKJcrkIaEr77G+97kW+GH9gZMxdDhw4sHXrVq97hBLJ5dAy/9an5UBCC4qlszctrXyxqXl1MMghCjZUTatVF9VgZd4k2Y9q1cWk463Qyh/jD3S55S7RqcmT//704NDeUHNzbW1tsTuJ4sl6Hczi5R/Xtd8i6usk+eN1taG5t78+MzPjfHtIIUQBz5PcN8XJmedamyONiajXvcDvNSamW5p9fNckxh/oDh8+fMcddzzyyCMPPfTQCy+84DJ9mZ6cfPW5Q3f2rX3xZz+5+N6FeDxe7H4WVmHjyu/xnHUGI9XUa8npQEAE5k8LRYnNz0Sj0WQy+fsKLl6n9BH9sWlz6XrGZ42jlXVfxhJN08rzj149+vv7axOzteqi1x2BEELIaiyYmNuyZYvXHckd4085MK6i3b9/v5Re8WpqmpZIJC5evDg6Ojo0NGRb09rz6cnJ144cHui7uSaxdOeanlcf/fGlC+9mlcRYoyVdHTc1s9qdQx399VojVlR0PGedwSxbcd/8xHvJpXltbnZ2cfY3k39lelUZz4f0Og41NU3T66Sr5vznRjloaGi4YUV7S+z9Gk3xui/VrkZTli+839VxQ11dndd9yR3jTzkwZRtaesWrKUnS3r17L168ePLkyR07dmzYsOGxxx5TFMVY09Tt6clrrx05NNC3VostJOdmpZno9uaG0R89dPHdd3KbiUkXG9ZyN2GZ1S6sdaoznnP6NnXoC1JgWWxu6v9NbOnoWheJRIy3lDOleOlyYSOXyZ0pYXQTJeWZNlaV22+/vV6ubZ+/UJtc8rov1as2udg+925D3bLNmzd73Ze8Mf7AYOvWrceOHTtw4MBjjz32iU984vHHH1dV1bbmfz7z1JbVq7S5meT0lDp5Vb16OTkbvWVZzal/eSIa/f3Fbtu5CmOJccJD2M21pKvppnEThw3Tqap4ziWDkWVZSEIVwaj8f1atWtXU1GT7qlJ/IIekD1Vi9667ula0tsy927p4sV6ZDTAfUyoBTalXZltiv2uZu9Dd0b7rrp1e96gAGH9g5SaP2Xb3PSdG/ys+dU2dvKpeGY/PRK/Mzb+s1nYObo/FYno1PWz05MMUSO6DylTT2FS6xm0RzOnksoY/9aev0WLLm0NNTU0F+SJA6h3l7alUmzdvXlhYeOWV04HZ30mSVCOJmjLL5StPUtOSmtA0rTkcvuPOu3x98ciI8QfppPKYZ599dnh4+JFHHtmzZ4/x2VCk+dahu489+v9ti9QlZ2euzi+8pAR7dg21trY2NTXp1bKdZtCDx00I2V6sKXjgVU885/7h16QajX+IB9caGhp27LjTk1179WHesmXLgw8+eO+995q68a//+q//+I//ePr06dJ3qWIw/lQzh3/IK4TYs2fPnj17XnrppRdeeMFYHgwGO3tX3nbf/Sd+9NAty2peVmt7dg319PT09vaGw+FUHeNYUYwrJqaBKPVrakfVkHAUXC5Xkepu+EJsenxauq2+vj4QCBSqK2V4jQ3Ix7e//e39+/cbvykjhEgmk8PDw9/5zne86pXfMf7AjcHBQWuhLMtdq9d86oFvnGvtXbv3z3p7e3t7eyORSJ6BlMOch+lrPvns3aFLBW+23OR4XyS1e1Tp/ElHR4csy+nqpP6CtouPrAug3DC9JRlXUQnvTr4BIcTQ0FBjY+NTTz1lLPy3f/u3xsZG0/w2ssL4g5zJsty95sbPfOWvb7rpJmv6Yg0bU4n+a8YdWWsam9JnX4y/Zmwq3ZIvUa3xnOM0bCQSiUTs/y+W8/Jm5zq2M2zpuFk7DXjr29/+9t/93d/dc889qe/LpCZgHnroIa/75W+MP8iHLMvt7e3pns34zhqX9NrWsVaw3cR2X+l27VCzmuPZZxeSs5qsK8OEESVjulKu/+p8Bb3ghoaG/uEf/uGpp55KrYZhAsbXGH9QVNZ5lKKGUAXEc45XkTzk/o9Yhn9uVCHjahhWwPgd4w+KR7MowR4LXrOUfDYHA7iUbg6m9PRpGCEEEzAAUCj+m4MBsuVh+pLyzW9+87vf/a4Q4lvf+pa3PQGAisEcTLXYvHnzvn370k0ApI7xnh/pCyjda/HkNe7du/fv//7vhRCf/exnS793AKhIzMFUi4cffvjhhx/++Mc/7nDfEBSJJEn79u37i7/4i2r4Dw0AUBrMwVSL1P/bHhkZ2bdv3w9+8INvfOMbn//85wv4D8HKjelWt55MvZh22tfXZ+pVabsDABWFOZjq4v4+rpVkeHjY6y4AAAqMOZhqZLr/GQf4ImGWBQCKhzmYaiFZDA0NjY6Ojo6OPv744/p3/ffv32+tqTNdBPFLTduXX8C9u3wLSGgAoJCs/0LHaP/+/c4V4AvG91FRlMcee2zDhg2f+cxnTp48mSrct2/fvn37vOlc8WWM89I0XtRuVCTGnzLkozfFR11FOs5vYo5zMFMzMz/91a+ufvBBIpEoYDqFolJV9fHHH08tfzlw4MALL7ywdetWrzsFZG1iZub7hw9fnp5m/EEOolOTh3568IOrV4kfv8slg5mMRn81NnbzXXc9/vLL7126FI/HC96t6uH+GkSe25K7oDKMR6NPvv76l3fvPnj69DtVP/64HwTyGWoqyfTk5KvPHbqzb+2LP/vJxfcueBs/BXxTsmqqYoIh6wxmMho9cvZs39at8UBg9a5dP/3Nby74ZBCRLPcNN/6qlzisbzA9ZW3EtkGHNqXr75Vl2yvbdlK/atffHt3ZI4888tBDD5G7wNfGo9Gnx8bu37atLRD4+s6dj77xxtvj46UZf1wOIMLx817UAcTYiHQ9keVwUammJydfO3J4oO/mmsTSnWt6Xn30qU6R6QAAIABJREFUx5cuvGuMn+L9iVy2bIoQa9RZ31nhGAm2JRUTDNl9F2kyGn3u7Nm+rVsXhJgTYiYQCO/e/cPnn/8bIdZ0dcmyXKRelpgeCsawsIZI/m0aOYxNqcd5dubMmTMOz7LIFOXv0kfpS70QQoimQODBXbuGjx79qhBrOzvLavyxflSLPYAIyxiSz+4q0vTktdeOPDvQd7MWW0jOzUoz0e3NDSd+9NCnHvhG95obix0/Lt8OLdP9ot2Ek3P6Ukmym4N5emRk9R13zAoxLcQ1Ia5o2qwQ8q23/nJ0NBqNpurYnqlYE0bTr8IuwTS2k25z2/MSa6GDVCg456RZjT5uGrS2mdtwUzGptH/t27fP6y5Ui0dHRj43OFhvKGkJBO7duPEXY2PG8ac6BxA3u6jy4eI/n3lqy+pV2txMcnpKnbyqXr2cnI3esqzm1L88ocePSDMln/HXjDHjEJAO3Lxl1rfeGgm2JRUQDNllMH86ODh67NiUqk4KcUXTZhRl7vJlcfz41tbWWCyWbiv9A2lMHk0fUeN7YH02XYn1o27buL6JHmqFOjuxHS5RboqaZDB9VTJfGhw8ePz4rOF/MJ6bnHzm5MkdoZBx/KnCAcS2SwxNJtvuvufE6H/Fp66pk1fVK+PxmeiVufmX1drOwe3W+BF2weA+kByYDojIR3YZTCQU+pN16/77yJErijKrqvMTE+oLL+xqb29tbW1qanLYMONZjvN7mdVHMf/Prd6Cm3Mal7Hovk0UHElGZWgNhe7p6/ve0aNTqiqEODc5efD48R319W7Gn1IOIML1572AA4jeZ9Ox1uVhtfK89NJLppJQpPnWobuPvXY2fnUiMTtzdX7hJSXYvWvIIX5MweBJUli176Ab2WUwwWCwt6PjLzdsuPD887Pj49qxY3+0YkVPT09vb284HE63lf4psp4SuTmcZ5uxZtu4SPPhd7Mvlw3m2SYAIUQwGFzd0XHfunXDR4+enJj4yYkTOxsaMo4/pR9ARB6f99waNHa4GsYZ5zudPfvss5s3b/7bv/1bU3kwGOzsXXnbffefePf9idm5U0qwZ9eQc/yYEkHmTspN1t9FkmV5dVfX32zYsGJ0dO/Klb29vb29vZFIJOM9Am3f9aKmltbGNbtFUukGLO36qUL3XXUYAcmmK4/7CR5WzORPluWPdXZ+dd2658+c2dPS4n78yUGeA4gwfN5LP4BU4TiT+n9XH//4x3/4wx8+/PDDtt9dkGW5a/WaTz3wjXOtvWv3/pn7+PH278mBI51c7osky/Karq6vNDYuLi6GQqFwOGx8+61/a2MeICyZQcbdZfvhz6pxN61Zu51P49r1F031dvRTrnR/JduXxmUpN4p6b+rh4WGXjXMxqyBkWV7b2flAQ4Pt+GPl4QAiLJ93Y3lBGkzXTlUNF6qq/vznP//BD37Q0dFx4MAB538YIcty95obP/OVv3Y+fpneMu2jlTH599Y5IE0HAvcNGutbG7EtqYBgyPHOjrIst7e3p3vWeo7ivoLt43T1bSs4vyvOfXPuqptt3Rc6d8xlCdxwn2TAFxzGn3IYQDLuLttt3Qwg1qeqYbjIKnfRuT9+uTxepHuLXTbrppr7GLB9tlKDgXtTe8n5LCqjykiiAeQmqwGk8oaLw4cPp85MHnrooT179njdnevYXoIs3u6yPZRUTDBwb2qP5RNGlRGC1YN5IBRcVtcaitqTPH3605/WH7u5S7ymaYlE4uLFi6Ojo0NDQ7Y1vXot4vrFTCkl2GORKpczMhigRIaHh73uAlCmXnzxRf2x8+2IUxmMJEl79+69ePHiyZMnd+zYsWHDhscee0xRlFImDfAcGQwAbxhXWBd1tTWKx/M3cevWrceOHTtw4MBjjz2Wunmtavifh6hsrIMBAPhbKo8ZGRnZt2/fD37wg2984xuf//znN23adOjQIa+7hrxs2rTJ4VkyGABAJUjlMc8+++zw8PAjjzzyne98p6WlxetOIS9TU1MOz5LBAAD8xPla1Z49e/bs2fPSSy998MEHpeoRvME6GCAv27dv1x87f4fCuJWbb1tUfM3h4eHh4WHTY1bDlD/jO5t64/KPmYJ3cnBwsOBtotxk+FL48PAw/wq9AlT5+1gmq0SlSvkfDIWSelOsP3VVHrflyfSmZHwTPXTo0CGuIvnd1NTU0NBQumeZg0HlK58hFQBQKGQwAADYGBgYGBgY8LoXFeX8+fNvvfVWoWajc1zJOzUz8+8vvTR0++3NoVBtbW1BugJUNi6ImJiWRLjfMDo1efLfnx4c2htqbmb88VbOb6InjOnIqVOnPOxJ1YrFYmNjY2fPnt24ceONN96Y5xKoXOZgJqPRX42N3XzXXY+//PJ7ly7F4/F8elAMxVgXBv8qk4G1TLrhd9OTk68+d+jOvrUv/uwnF9+7UG7jT8EHn8I26L61ihxF9ayF9MVb8/PzIyMjhw8fvnLlSj7tZD0HMxmNHjl7tm/r1lkhVu/a9dPnnvsrTVvd1SXLcj79KKp0Kyglu7vPm341PaXXN328Nbt7r5vutpV6bLshiop7U1eM6cnJ144cHui7WZubuXNNzwuP/lj85Ze7Vq8p4PhjO1zksApb/7xntaGb+saBy3bISjfImBq37stYkud9Z33BdIVIT2tsrxxZ529SJabHttM8zP3Yunbt2nPPPbdq1apNmzaFQqEcWshuDmYyGn3u7Nmbt25dEGJOiJlAILx79w/PnXu3LGdinKU+nCkZzzaMlbWP7ndvepCS8a4c6TYE4Gx68tprRw4N9K3VYgvJuVlpJrq9uWH0Rw9dfPedAo4/tp/KHD6quX263WylDyAOFTIOMtZBryInXdw4deqUMQvRcxFjqmEqTLc4xraasZD0xUTTtAsXLjz77LMzMzM5bJ5dBvP0yMjqO+6YFWJaiGtCXNG0WSHkW2/95ehoNBpN1TF+9V/fMGOJ8VdjofWBaSuHZx2Yzi2MSYw1ocnnRERvreLPZpAR80B5+s9nntqyepU2N5OcnlInr6pXLydno7csqzn1L09Yxx/9sb659XG6wcq2KVOh8/hm3cS2A1Y5jGZuzsGE3aBnbSe3lquHaWGvnqYYJ2Os1RwKIUnSunXr7r777nA4nMPm2V1F+tPBwZ8dO9b7mc/MBAJXNG1GUeYnJsTx41tXrozFYno166SldZLTeTLTlmS5ImP7QHh6MmHMhPQHpC8QXMzK27a77znxz4/+4cpOaSaqXr0cn4lenV94Wa1dO7jdOv7YjgxW7q+wOGziPPLk8Nkvk9EMJi5nUEzVjJeWBgYGmIbRdXd39/f3RyKRnFvIbg4mEgr9ybp1/33kyBVFmVXV+YkJ9YUXdrW3t7a2NjU1OWzocKJj+6tIc0HXqhiZQbr9ujkrcr6EBCBnoUjzrUN3H3vtbPzqRGJ25ur8wktKsHvXUMbxp9hczpcUb0aWyRJPuLy0JCzXpNDc3HzXXXft3Lkzn/RFZDsHEwwGezs6/jKZ/OHzz8u33iqOH/+jFSt6enp6e3sdpoCs5xPGda/68d74VHky9tM922knANkKBoOdvStvu+/+Ez966JZlNS+rtT27hjKOP8XGfImPuJkLSU2ZWBf52l5CyrhturW9VUuW5U2bNq1fv76mpgD/ji7r7yLJsry6q+tvhHhydPSOlSvb2tp6enoikUggEMi2KdN5g3FdvXF6thjHfs3uW0Lp+pZPH4r9QoCqIsty1+o1n3rgG6ef/OXaO/4wn/HHE8UbB5iGccN6fSfjY4dC202cq2H9+vUFbC2X/2gny/Karq6vNDYuLi6GQqFwOGwaPkxrQWzXxhorWNeO2DJlFQ7PWqVbnuJmvxkbt92Rm2YBZEuW5e41N37mK3+dbvxJJ6tjvMP4kHF8s20nq9HAzWiWbSZkPW0TdhNIzqd2QFnJ8X/yyrLc3t6e7tmMq9ydfzWVOKyfz9hOtuXu9+WyjssXAsA9h/HHeIpieiAcP7DuN3TzLZ507WTMCWy3cthdtkOWw7MMSvCdHDMYwEf4d/4oT9aJlqKmEVldw2ICBuWv8BkMQY9yw3eYUSh5jm9ZTZMUg/s9MpKj/HFvagAA4D9cRQJKhItZQIlNTU153QUUERkMKt/+/fvL4UJSOfQBqB5qUrvatFaVOMz5VUBT2md/61CBq0iofMPDw153AUCpqZpWqy563QvkrlZdTDquxyKDAQBUoNbmSGMi6nUvkLvGxHRLs9NtB8hggBLhKhJQSv39/bWJWaZhfEpWY8HE3JYtWxzqkMEAJcLFLKCUGhoabljR3hJ7v0ZTvO4LslOjKcsX3u/quKGurs6pWsk6BABAKd1+++31cm37/IXa5JLXfYFbtcnF9rl3G+qWbd682bkmi7QBABVr9667zpw5Iy6/q8hNC8FwPFDPt5PKU0BTZDVWn4jWJua6Ozv6+/szbpLjGzk1M/PvL700dPvtzaFQbW1tbo3AK6kFGdafgC9MzMz8dGTkCwMDrY2NjD/IaPPmzQsLC6+8cjow+ztJkmokUcN9vMtMUtOSmtA0rTkcvuPOu5wvHulyyWAmo9Hnzp69+a67Hn/++b0bNqzs7JRl2Vghh3uxVpus7jnCDUoA3Xg0+tTY2Jd37z7wwgt/dsstayzjTzVINyYwVqTT0NCwY8edXvcCBZb1OpjJaPTI2bN9W7fGA4HVu3b99De/uXDpUjwe1yukPkKpT1HGe9m7v9l9Pox7Me1RkiS9RDKwtmB8ytqIbYPp2jTdv95ax/Rr6n5subxyoLKMR6NPj43dv21bWyDw9Z07H33jjbfHx43jj4nDByfnz5T1M2t9bNqL7RDkZquMA4ipTcYKVJXsMpgPZ1+2bl0QYk6ImUAgvHv3D8+de/f6JEbnu7MB7SPW8UJXkDZtK+hpX8ZNkBX+nX9luBSNPjU29sVt2+qFEEI0BQIP7tp14M03f+uYxBSc/lE1PhDZD3cZt7LuyBajBKpWdhnM0yMjq++4Y1aIaSGuCXFF02aFkG+99Zejo9Ho7/9xkGmuwnQWYjvfINJPV7g50bFtOSM9V3A+Ucv2ck8BG9Tln80Y/7zDw8PDw8P641//+td6tf3790vpGZfL+Kim/mJdtpnP3xnF8+jIyOcGB+sNJS2BwL0bN/5ibMw6/kiWEcbhKSnTHElWrJ9WvURK//F3+Rk3tWBtkDMfVI8MR9Ph4WHj+evk9PTPTp/u/cxnZgKBK5o2oyjzExPasWN7V65cu3btypUrheUSif5xMk4w/H73lsrWx3qJtZGsNk/1xHbv1mdtd2HqjFG6jtn+NUx9SNdIxhflnul9ZCWvg3z+zl61XKlMcTsxPf3T0dH/u2NHUyCQKjk3OfmTEyf2tLTYjj/WX43lwjD/kfFzatuCm8HEYZBxs5XzK0o3TBU10kxvCuCh7OZgIqHQn6xb999HjlxRlFlVnZ+YUF94YVd7e2tra1NTk8OG6Y7ZGWV1GpTzOZO1hYyff/fXlZzbNLbDmVNlY9zPU2sodE9f3/eOHp1SVSHEucnJg8eP76ivN40/Dp+jbMeTnLuabhrGebjIYRCwnUYCqkR2GUwwGOzt6PjLDRsuPP/87Pi4duzYH61Y0dPT09vbGw6H3bSgH6rdz5e6yRKMjbusr3/sjZ9/9/ty2WCebaIgymSGqUy64V/BYHB1R8d969YNHz16cmLiJydO7GxoMI0/DiNMVuNJViOVV4wvh0EGVSjrb1PLsry6q+tvhHhydPSOlSvb2tp6enoikUjgo3ldN4o932A917E9AXK4mqNXdnPmlLFBh3Y8ubJgWvxR4r2X3vDwcDW8zGogy/LHOju/KsQTZ87saWlJN/4UaoTJp53ctmUuFnAvl/8HI8vymq6urzQ2Li4uhkKhcDjsPn0xzkwIw8c13RUW9x9mY+X8cwJrEmN8Ks82jVmLtdu2L4QlFECKLMtrOzsfaGiwHX8cRhjrBzndU9Z2nOnTrll9SHPbKuM5FWMFqkeO/5NXluX29nbbp4wfHuv0pvWjZTyWOxdmfDbjNWb3vzp32/ZX94XOHUtXDX63f/9+poIKwuX4Yy1x+DxmNZg4bJvtuJF/T1zWASoPd3b0QLYTxZxUVQbuTY2CcBhAGCtQVchgvJHtvHHxegITvjGE8pduTGCsQFUhgwGuw4UeAPAFMhgAAOA/Oa7kBYBi27Rp06FDh7zuBa6zadMmr7sAfIgMBrgO3xgqKy0tLV53AdeZmpryugvAh7iKhMqX1eJcvjEEAL5ABoPKp8+peHuXbHH9HcILu/fC/9UAoLxld29q+BTvo3uSD+9NXbyWvXXo0CGuIpWbqampoaEhr3sBCMEcDFAyJJEAUEBkMECJsEC49AYGBgYGBrzuRVk7f/78W2+9VZFzeKh4OX4XaWJm5qcjI18YGGhtbKytrS1snwDAljEdOXXqlIc9qRix2P/f3t0Hx1HdCb8/oxm1pdFoRtaLkSwp5sXBYBJYRZFtJK4IjrCzsReyrDfZWooNIamQ++wTuLdq2bAvCXa2KsH7pLK1VfnDtdcbvDxZyL0JYDbGC4iIJNIaJDZZ5GCIKV6cJVh+k/BItkaamZ6+fwxu2t09PT1v/TLz/VQqNTpz+vQZz2H6179zujsxPT19+PDhvr6+yy+/nDVV8JFicjAz8fiPX375S1u37p2cfOv48WQyWUoPjP/BBC48srWUZquG/X8H/sVQ9dSohfClvM6fPz8xMXHw4MFTp0653RfAroJzMDPx+BPT03cNDzcKce/IyLeeffbPhLiiq0uSpLzben+9obaHutdC88wRbayg+0S6MEL7ru7ja9vM1aC6iWmzaqH6HGzv/wvXMu40U3a6GSI1rDGdOTLmb7IlutemaZ4ayf2cOXPm6aefXrNmTX9/fyQScbs7QB6F5WCOx+OPT09/YXi4UQghRHMweN+WLXtee+2NmRk7mZhqOrgqF2hji2wAoSq9QdMKaviSdxN4CneaqZBDhw5poxA1FtGGGrrCXItjTKtpC6s4fMlSFOXYsWNPPfXU/Py8230B8igsB7NvYuLLn/pUo6akNRjc0df3yOTkveFwR0eHuDgxYExdmKYxcpXoyi3SFbnqGPtgrJyXNhFisUlB+Q87bRaRUCENUzo/XjHkxz67wpiz0S71VRMwFimcqo9gAoHAVVdddd11161YscLtvgB5FBbBfHFoaO/Y2J9v3twcDGZLjszO7h8f39bamkgk1Gq6Y7PxmGoMZXIFN6bTOvZLjH3INU+k9jxbWK44oIzZkUIDLxTHjxM9fuyzK2zGH7pq2qmlwcHBKg5iuru7BwYGYrGY2x0BbCksgmmLRG5bt+7bo6N/cfPNrcHgkdnZvWNjI+FwW1tbc3NzhbpoJwgoKFAoS1RhM54wzf0U0aDFehoAxdGtg7G47tp67qkKtLS0DAwMrF692u2OAAUoLIIJhUKXdnbeoSi7Rkd39PXtHx8fCYd7enp6e3uj0WiFupj3aG09OVVEg7rGtc0aczz2m7Jos8QGgRphJxeimxvKVWi6uWm16l7GK0lSf3//+vXr6+q4PRh8puBrkSRJuqKr624hHp2a2tba2t7e3tPTE4vFghfmlSqn7LkH0waNU0gWeRRt5YLmnnK1masR8i6O8eMVQ37sc3GM8zt5X1sUmm5iXa36rF+/3u0uAEUqJuiWJGltV9c9mzZ9+MMf7u3tLSJ8yR6ntU+kM5YYy3MdwnNtm7dyWWIC7aVA2saLzqZoVx+btqwNmHQfhECndH68YsiPfQaAEhV5T15JkrJXHhmpR1CLF8JsKse4qNa63E4dm7u26Ilpy3a6ZNGsxeYWjdisBgBALWDi09MKutcLCRgAQO0ggvE6+0EJ4YvHcdcWACgjIhjAITWy2BYAnFHkOhgAcMDc3JzbXQDgUUQwADxKziinm9fKAX6mvCKopDsW3nC7F8D7mEUCHMIsUqFkRamXl9zuBT5QLy9lWG8HzyCCARzCXVsK1dYSa0rF3e4FPtCUOtvawlOT4BVEMMBF/HjFkB/7bMfAwEB9aoE0jEdIciKUOrdx40a3OwK8jwgGuIgf53r82Gc7wuHwJas6WhPv1Clpt/tS6+qU9MrFd1Z3XtLQ0OB2X4D3EcEA8K5NmzY1SvUd54/VZ5bd7kvtqs8sdZx7O9ywYsOGDW73BfgAi/wBeNrWLTdPTU2JE2+npebFUDQZbOTqJGcElbQkJxpT8frUue6uzoGBAbd7BFykyB+Cufn5J//jP7Zv2tQSidTX15e3T4CL/PicZz/2uSAbNmxYXFx88cXJ4MLvAoFAXUDUFfvkVNiUUZSMIhRFaYlGr7/pZiaP4EF5nqSza9cu4yLB2Xj86cOHL73++hefffbWa675UFeXJEkftMjTefKx/09Urn9M0+8Rpio3gP3YMoq2cePG++67b8eOHdk/1e/oRz/60Xe+853JyUlXewdUg4LXwczG488cPrzuhhuSweClW7Y89OtfHzt+PJlMFtqO/QcWlkK7F90eA4GAWhLQMLagfcvYiGmDFm2qP2SBi+m2yv5Z0JMdAXjH17/+9Z07d2YyGW1hJpPZtWvXN77xDbd6BVSTwiKYbPblyhtuWBTinBDzwWB069Z/OHLk7aKCGE9RLtBFIYpGWdo0raDGNHk3AeAL27dvb2pqevzxx7WFjz32WFNT07Zt29zqFVBNCotgnpiYuPT66xeEOCvEGSFOKcqCENJHP/r/vvRSPG5y4ynrBIM2sWFMV1hsa5rYMM2g5KLGChabFJSZt9NgoW1mEc1UDSbyao0uDUMCBiivwiKYPxwaeumnP52T5VkhTinKfDp97sQJMTZ2Q1tbIpEw1tdmFLQJBu27xprWJcZYwSJ1oZYUETrkkmt6qJSmytIxaxs2bHjqqadyvVv1S0G9gH/hWqNLw5CAAcqrsAgmFon8wdVX/9czz5xKpxdk+fzJk/Jzz23p6Ghra2tubjbWN+ZR7O+roKN76aGA2kLeQMf+vJJ1m9p2HAhivvvd7373u9/9yEc+8vDDD8uyXOndARAXp2FIwADlVVgEEwqFejs7/+yaa449++zCzIzy059+atWqnp6e3t7eaDSqq6xLumiTMXl3ZEzYWLMfVYgLgZR2TkpcnBAqlGmDJbZZdjfccMNPf/rTPXv2/Mu//Mt1111HHAM4QJuGIQEDlFfB1yJJknTp6tX/1zXXrHrppVs/9KHe3t7e3t5YLBYMBu1sXukjujE8UieedIWmEY9u0sp+asQihMrVjiurW4hjXMQsUm36q7/6q29961tCiL/+6792uy9AVSnmqQKSJF22evWXh4c//OEPW4QvasZFm6JQgwnrfIxuW2vayqVHSMYgpvQpKrXNXI3r/k20H6QsH0onG8fs3r37e9/73vXXX//v//7v5W0fpng2dW269dZbsy9uueUWd3sCVJkin4skSVJHR0dvb+/KlSt14Yv2cKuY0b1r3MS4ra7cYkemvTUmWnR/WlTI1Q1tTfuFxo6Z/ptUIlMVMNi+fftLL7300ksvPfzww+oed+7caayp0mYRqrWm6b9VWfZubLlcn0jbstf+Pb1TU7gkEAg88MADf/Inf+JiH4CqVMw9eVGigKv35JVl+V//9V///u//vrOzc+fOnTfccIO4MMHBNEdFlevbRBGc/8e3/q+J/9aA0vGANBfY/yUt72+uNnbZs2dPNnYB4ICf/exnn/jEJ9zuBVBViGBqxcMPP0zsAjhGl2UJBAI/+9nP3OkKUKWKXAcD3/ne9763e/fu5557jvDFmh/T+37sMwCUiAimVkxNTVnci4J78qr8eMWQH/vsMNbzAdWHCAZA9SNAB6oPEQwAAPAfIhjAIUxkAEAZEcEADmEiw0X84wPVhwgGQPVjsTNQfYhgAACA/xQZwZycn3/w4METZ8+mUqnydgioVkxkAEAZFRPBzMTjP3755S9t3bp3cvKt48eTyWTZu1Wt7D/ajYfAVR8mMgCgjAqOYGbi8Semp+8aHm4PBu8dGdn36qtvzsyUMYgp15Fb246uTe2Dai0eXat7y9iIaYMWbeqeLWfaK7VQURSCGFf48YohP/a51vAdAWVXWARzPB5/fHr6C8PDjUIIIZqDwfu2bNnz2mtvlDWIcZhygS4KUTTK0qaWaXBjvQmc4ce5Hj/2udbwHQFlV1gEs29i4nNDQ42aktZgcEdf3yPT0/F4PFtimvzQJRiMf1pU1lYwfcs0g5KLGitYbKJLlpTeoLFNO+0TzQBVgwgGKLvCIpgvDg3tHRtbkGW15Mjs7P7x8c2RSCKRyLWVNsEgcuQbtAd4i7SHbkOL1IWuTkEf0+KDFBowAYBgFRRQAYVFMG2RyG3r1n17dHROloUQR2Zn946NbW5sbGtra25uttjQes2HMMtJ2AxBSg8p1BbyBjr255Xstwmv8eO5sh/7DAAlKiyCCYVCl3Z23nH11btGR8dPnvz+88+PhMM9PT29vb3RaDTXVmqORLtMteglJqaN22xKOxul/llKN0wbLLFNuMuP58p+7LPDWEgLVJ9QoRtIknRFV9fdQjw6NbWttbW9vb2npycWiwWDQesNTVd1WGcpspvYDAWMNU03V3JcDaStXNB+czVYaDsAKoc0FVB9Co5ghBCSJK3t6ronHF5aWopEItFoVBu+GCMVbWZCV8Fi8sj0wF9QU4UyBjHat0psUxfN6CbITD8I0Q8AALkUE8EIISRJ6ujoyPWuRdrDTgWLQ3jeporbkWmJnW3tF+btNsFK1WMiAwDKiOciOcd0Hi0XEjDVh4kMF/GPD1QfT0cwdpIZ/mL/I1TBhwW8g8XOQPXxdAQDAABgiggGcAgTGQBQRkQwgEOYyIAQYufOnYHctGFuoTWd/yyAu4hggIv48YohP/a51qjf0c6dO5XcdHGJ/ZqOfhjAG4q8mhqoGvfff79FyYMPPuhsd2zxY59rHEEGUHZEMKhDcz/aAAAgAElEQVR1K1euVF8rFx4+6l53bPFjnwGgvIhgUOu+9rWvqa+ffPLJQCBwyy23uNgfO/zYZwAoL9bBAO9TFGXXrl133323j27G48c+1yZmkYCyI4IB3vfkk08KIU6cOPFv//ZvbvfFLj/22RWuL3bmSjSg7IqMYBZOn3zuH//X2ZMnUqlUeTsEuCKTyfzt3/7t3/3d3wkh/uZv/iaTybjdo/z82Ge3kAIBqk8xEcz8yZlXnnzsxts//58/+P7xt99KJpNl75Z9ZVzAWFBTLJysMo899lhTU9O2bduEEE1NTY8//rjbPcrPj30GgHIpOIKZPzlz5MD+TbffWd++6hN3f/XoD/fNvP2mNoip3KHdZsvqHZ/U17oWdDeGUt/SrSQw7k5bUtBjGuFxmUxm165d3/jGN7J/fv3rX9+5c2fZUxrlnchwps/wC9enyQDnFRbBzJ+YOfKTJzb96ecDjWEhRCjSfNNX/+I3D+2ZeesNBzIxNtcqZqtZVM7eD0r7wsg6fEGV0SYzhBDbt2+vREqjvBMZzvS5alT9LFLVf0DAqLAIZvLRhz/+mR3Z8CWrfmXbtbf80a9/9Eg8HlcLdbkNm3/q8iVGumxK3vpZdpIlxgSMMbIxLSGsqQK6ZEaWx1Mafuyzu1hIC1SfwiKYDbffOfGDh9LnFtSS2d+88sKBJ8NDmxOJhFqo5jaykUFW9mCv+1MtUWvaiQm0zRbUf8BIl8zI8nhKw499BoDyKiyCaWptu2LbHz7/D7tT780KIWZ/88rPHv7+iqHNbW1tzc3NpptY52CcQbIEuZgmM7LKntIoV57fyT7DL5hFQg0qLIIJhUKday698rO3j+3+5syhX/z84Ycahj7Z09PT29sbjUZNN9E+iozcCbzmF7/4hSRJn/70p41vbdu2TZKk8fHxcu2rXBMZTvYZfsE0GWqQfv2Hzq5du4xL3JPJ5Mxbb7zy2A8br/9Ee3t7T09PLBYLBoPvt6hZU6J7LTSrSbJvqRWML0z6albHtH6umsYO2GmkoBJvMv0eHba4uDg5Ofne/EJdIFAXEHVkxWpDRlEyilAUsTIW3bRpY0NDQ3HtMH4cVq4vDqicYp6LJElS1+Vrw1/+6tLSUiQSiUajavgiNFM2xvUuokxX9FjPCqnrgu3HFtpYKlcjpiW+CF+8YGpq6viJk2mpebGpJxlslAM8kKuGBJW0JCfSifjTz452d3UODAwU2gLjxxWlf3FARRX5QyBJUkdHR653tcd162t81D+NLwpq1k61vFcbWb9LsFK0Z54dTSyn5iKXpepWuN0XuEAOhBKh5kSouX7Fkjj5znujz225ecT+5owft5T4xQGV5t3nIgUMKrq7Qlf7koCx6YUXX0wk06c5/ECIVF3D6abLFpeTU1NTNjdh/HhBEV8c4ADvRjCKgQN7rFBlr9m5c6d65YL2ddktLi6eOnV6rrEnQ9ofQgghMoHQe+EPzZw4ubS0lLcy48c7CvriAGfwu4AKeumll5JScyp40RrAf/5G/qeBtnZKN9x6LNrasUJz+0RUh2TdilR9ZHJy8sYbb7SuyfjxFPtfHOAMIhhU0OzZ+GJTr67wyt9rqau7sKY7m8kKCKG8//8ZRVEUEWkJHnlp4pqBGzq61zjdaVTe+fpY8Ozv8lZj/HiNzS8OcAYRDCooGAikgo26ws9+ZdUt60NCiIwi5Ez2/xU5I9KKSMsinVGSafH80cUffPe3Sx/5mBu9RsWlgo12lp0xfrzG5hcHOIMIplbs3LlTd88r3Z/alTEWd8d64IEH7Nf8+Mc/Lgf0a60CirKwmP7vU4spWQkG62JN9TPvLaXSSluscWYusZxS1nZH5VS6gM/mhq/cdKUQYs/zr5e9smdZf4rF906+99ujpm+tXLMuvPISbUkmEArV2Yhg6gLlHT81+K3lVYkvDnAGEUyt0K3eNf1/Y037bZo6cOCAEPrfu4yiyIpYSmWWk3IoFGyQQonlzHJaiaQy55czyeXUQiKRqvyjzlFejdG2t/77aPJ8XFcuNcW6PjqoKyxkGTzjp7Iq9sUBFefda5FQrTKyLGdEKp1ZTivJVDopK8spZTmZXk4ry8lMMpVcWk7L6fyrNeEpgWBo9bVDxvLV1w7VBct5psT4KS/Hvjig7BigcJosZ7ILF+SMCATeX7uQlkVKFumMSGdEWhbptGy6rZrY/8pNV2bT+9mSLDXhrxbqSrIbat/Sbq6tYKxprKzrlc3K1h/KohFth03/BXLt2uJDFbTrvFauufrU0V8tzp1QSyLt3SvXXG1nW/tKGT+qgj6vxb9SdXDmiwPKjhxMLXLsfjCmMum0nBGyIuSMkDNKSlHS7x971Bcik7ZaB6MeSNRDi/Z4rC3UHcuzR321sramLhrQ1dQ1qz2A5e2D/VUXFo2Iiw+xpv8CuXZt8aGK2LWFQCDQ279Z+yD67r4by77wsyzjp4jPm+tfrwo488UBZUcOBk7LyOmULFKySMmyooh0WiRlkZYzyXQmLWfSspKSFdnyCGT/DFhXs+gNHVDQHk0r520hV4Uyftim9tWxng+ffed1IURL75VN7avL1bLKyfFT+lZ+4cAXB5RdkRFMfG52/MknhrbfGmlpqa+vL2+fUN3SKTmVEYlkOrm8nK4LJJaWksvLqXQqkQgmU8tyKp2SFTnfLICW6aSJwxeSVO6k3Lrlin7Y4j5U9+/dGH/3TSHE6uuGy9ufrLKPH1WVZVYKVekvDii7YiKYs7Ozv3rmwE3r1o7+7+//3i23rf7QGkmSyt6zopX9iUXlbdB+a9X66KV0Wk6n5RVBWQlmRECkU8lQnSyCSjqVDNVlAvV1ckYocgFHIOORWztP5EwQU7m92MysVOLDFtfaikhs1bqPZV+UsTOqso8fVXVnWfKq9BcHlF3B62DOzs7+6pmDg+uurEst33RZzy/3/dPxY28ny3rtoun8axGTstlNCt3QTn3twyZ1T53UFhqfSakLSoz70pYU+rBJv0inUvX1dZ3tkc72aPvK5sbGhlXtzavamsNNjavao6vaY4GgpGQyRbSsXdNQURa7ML5Vrv7kWpxRlsaL2LWFS9ZvvGT9xgp1pnLjR1WzyZiKfnFA2RWWgzk7e+ZXzzw1uO5KJbGYObcQmI/f2BJ+/h93f/yev+y+7PJyZWJMEw9FZCOKS2DY2SobW1jUzL5lXcc6fKliZ+YSBw+9I2cvKVEUJSMURcko2dcBRShCiMTisp2mtHMo4sI5tMU1I6aX9ugKcx29dPM12l3k6oOxsgVj30xbNu2VxVb2O5Drw+batYWQ1JC/UrHKOH5Udj5vERdn+U5Fvzig7PLMU+zateuBBx5Q//y3f/6nT159ZV1qObMwL8+dkU/NpBbmTy6cO7yye8tX/mdHR4fQHIbVFIK6C+0RPftal3LQVdM1pSvUbWJaU7sLXdiRK7yw3pFpNeNOTXdh3GNxJUXQfY+OOXDgwLuRdbrC0+/+9shLE6ff/a31th3da8r4XBsv31/Vy32rnO5zR7dv3259W+ef/OQnXhg/tfkF5ZL94tzuBSBEoTmY4c/c9vwP9v0fH+oKzMfl0yeS8/HT5xdfkOvXDt2YSCTUarpjuZ10hbGaxVbGTYyhjGl9+3SBSKGbw0K0teOagRvyPrOmoTEcbe1wpkvOqNm5CQvWF/MfOHDAWFiz4weATmERTCTW8tHtn/npvv9nONaQWZg/fX7xP9Khni3b29rampubK9RFO2wGGWqypOyLZCvRZrVa0Rh2/onBXjiB9kIfqoDz44cvDvCmwlbyhkKhrt4PfeyOu55/+52TC+cOpUM9W7b39PT09vZGo9EKdTGvbOiQ5VYfAACAkwq+FkmSpNWXXvbxe/7ySFvv2lv/uLe3t7e3NxaLBYPBSvSv7CqXLKnWS4cAAPCgYu4HI0lS92WXf/LL/2NpaSkSiUSjUZvhS0HHeN0iXO1bunLrZo0LikvvqnrJdBFt6pbX5C0hsQQAgFGR9+SVJCl75ZGResQ1vhCGMML0rbwbGg/q1hdg21wgbLGVxe5sfjrrRuzU96nuc0fd7gJ8jPEDIJdafy6SMdFS0TCioDmsKkjA/PKXv3TlKm54365du/JelMv48SA7XxzgDP9FMCUe1AtKk1SC/T36PXwBAKByCl7JCwAA4DoiGAAA4D95ZpH6+/tNb4sJf+nv73e7CwAAlFP+dTCtra0O9AMVNTc353YXLrJw+uTkIw9//E/uaGptq6+vd7s78JmT8/MPTUzcOTjY1tTE+AFqFrNIcNr8yZlXnnzsxts//58/+P7xt99KJpPu9qe89yG03xr3PyzOTDz+45df/tLWrXsnJ986ftz18aNT9q+V8QnkQgQDR82fnDlyYP+m2++sb1/1ibu/evSH+2beftPJg5Cd3+XABepr3eaBi2nf1d18yGLv3MS5CDPx+BPT03cND7cHg/eOjOx79dU3Z2bKO35Mv5Qivil1qJS+d2MdxicgiGDgpPkTM0d+8sSmP/18oDEshAhFmm/66l/85qE9M2+94VgQY+cadd0Dz00rqHVyVbM+PKAIx+Pxx6envzA83CiEEKI5GLxvy5Y9r732RlmDGOvbY5bYTlm2YnwCWUQwcM7kow9//DM7suFLVv3Ktmtv+aNf/+iReDyeLTGeUIqLTzpN/7SorGOzmpbNk1HdCa6dey5zmluQfRMTnxsaatSUtAaDO/r6Hpme1o4f6/yE9nWuRIVpU7pC3SbGsaTbxLQDRoxPwL6KRzCDg4ODg4OV3kutOXr06Ouvv+67W95tuP3OiR88lD63oJbM/uaVFw48GR7anEgkcm0VuPjZ49o/tT/3xnctemKzGjzli0NDe8fGFmRZLTkyO7t/fHxzJKIdP+rY0A0SU8axlGUxQoyb5GpE+25Bn5TxCdhRcAQzqFGJDsGORCLxwgsvPPbYY2+++aaPfuOaWtuu2PaHz//D7tR7s0KI2d+88rOHv79iaHNbW1tzc7PFhsaji+701Hp2v3ScjHpBWyRy27p13x4dnZNlIcSR2dm9Y2ObGxvzjp9Ks5kvUUdRoNwPDGF8ojYVHMEcOnRI9wJuOX/+/MTExMGDB0+dOuV2X2wJhUKday698rO3j+3+5syhX/z84Ycahj7Z09PT29sbjUZzbaWe3RpPeXOdH9tMv8NfQqHQpZ2dd1x99a7R0fGTJ7///PMj4XDe8VNp5EsAt5T6XCRdJkYNa0wzNNrCbM1sie61sZrptsg6c+bM008/vWbNmv7+/kgk4nZ38pAkqeuyK8Sdd//qsR+2jGxrb2/v6emJxWLBYNB6Q9OzzFznspU4JeU01wskSbqiq+tuIR6dmtrW2mp//HiEUsizXYtouezNAl5Wnic7qiHI4OCgGoJo4xJhCFayNY1NmVbTFsJIUZRjx46dOHHi93//9108GbVJkqSuy9eGv/zVpaWlSCQSjUa1hx/TFQnqW7oKxiOBxVta1j/3xaX6dQcnYyOmJZy4F0qSpLVdXfeEw6bjx0JBx3iLYWYxIC3aKWIs5XqX8QlkOf1samPORrukRg1WLFI4xDFGgUDgqquuuu6661asWOF2X2yRJKmjoyPXu7ofTdOpolx/5v3BVStY1MzVYN6OWb/LwaBcLMaP8fu1+Q3a39DmN2vaTt6YgPEJ2Od0BGMz/tBV004t5Ure1Kzu7u6BgYFYLOZ2R7zIeCJb0Z/pguYIOMEF4xMohdMRjI5xzihXTd2cFIQQLS0tAwMDq1evdrsj3uX8T7D9PXJ48KMSv7WC0iSVwPhENSk4grGTC9HNDeUqNN3ctBrLeHUkServ71+/fn1dHfckBADUooIjGOP8Tt7XFoWmm1hXgxBi/fr1bncBAAA3cQYPAAD8hwgGAAD4DxEMAADwHyIYAADgP0QwAADAf/JfizQ3N+dAPwAAAOzLE8HIGeV081o54PKN71CKoJLuWHjD7V4AAFBOeWaRZEWpl5ec6QoqpF5eynjs9poLp08+94//6+zJE6lUyu2+wH9Ozs8/ePDgibNnGT9ALcsTwbS1xJpScWe6ggppSp1tbfHQU5PmT8688uRjN97++f/8wfePv/1WMpl0u0eFsf984/K2Vt79+tdMPP7jl1/+0tateycn3zp+3HfjJy+GBGBTnghmYGCgPrVAGsa/JDkRSp3buHGj2x153/zJmSMH9m+6/c769lWfuPurR3+4b+btNws6CGl/tXP9gmfL7dQsaHcWdbLU18aeaGnf1T242GLv2cfyFfcpqsZMPP7E9PRdw8PtweC9IyP7Xn31zZkZD46fvENC5BgVDAnAvjwRTDgcvmRVR2vinTol7UyHUEZ1Snrl4jurOy9paGhwuy9CCDF/YubIT57Y9KefDzSGhRChSPNNX/2L3zy0Z+atN4o7k8718DljedGPqbOzYbaORU1FUdQ6uapZH6sghDgejz8+Pf2F4eFGIYQQzcHgfVu27HnttTcKDGJUlRs/eYeEsDEqGBKAtfxXU2/atKlRqu84f6w+s+xAh1Au9ZmljnNvhxtWbNiwwe2+vG/y0Yc//pkd2fAlq35l27W3/NGvf/RIPP7BZKVprkJ3nqo9SzbNeZjWtNO4jsWGudg8M9adbds5atb4Ofe+iYnPDQ01akpag8EdfX2PTE97dvxkMSSASrB1P5itW25evaqt9dzbbUvvNqYXguRjPCyopBvTC62J37WeO9bd2bHl5hG3e/SBDbffOfGDh9LnFtSS2d+88sKBJ8NDmxOJhFqoXKAePNQSbQU7e9TV1DaVq3FTNquhor44NLR3bGxBltWSI7Oz+8fHN0ciHh8/ACrB7mXSGzZsWFxcfPHFyeDC7wKBQF1A1BH4e09GUTKKUBSlJRq9/qabPTJ5pGpqbbti2x8+/w+7P/E//+/6lW2zv3nlZw9/v2Hok21tbc3NzWq1Qs8ps4cT9f+tK5tm5st++LHZGRSkLRK5bd26b4+O/sXNN7cGg0dmZ/eOjY2Ew74YPwwJoOwKuNFLOBzevPmmynUFVS8UCnWuuVT57O1ju7957S1/9MKBJxuGPtnT09Pb2xuNRrN1tL/ylUiP6w4h2T+zO+Lo4nGhUOjSzs47FGXX6OiOvr794+Mj4TDjB6hZ3KoOjpIkqeuyK8Sdd//qsR+2jGxrb2/v6emJxWLBYLCUZos4wdXWr8RiAhYoVIIkSVd0dd0txKNTU9taW/01fhgSQHkRwcBpkiR1Xb42/OWvLi0tRSKRaDSqPfwYf+W1JdolCHmPN8aauqaE5jTdujXrY492SYR1l4xt6hIGeUs40ZckaW1X1z3hsJfHD0MCcAARDFwgSVJHR0eud42/yKape1256WuLF7n2lWvXFjXzdsPOvvJ+aqi8P35sDgmLFgqtDNQgIhjgA8ZES0WPGQVNXnC2XQsYEoB9RDDAB5w/HtjfI8eqGsGQAGyydT8YAAAATyGCAQAA/sMsEiqov7//wIEDbvcCXtTf3+92FwD4GxEMKqu1tdXtLsCL5ubm3O4CAH9jFgkAAPgPEQwAAPAfIhgAAOA/RDAAAMB/iGDgaYODg4ODg273AvkdPXr09ddf5x5rABzDtUhwlDYcOXTokIs9QXklEonp6enDhw/39fVdfvnlFX0I88n5+YcmJu4cHGxraqqvr6/cjgB4GTkYOEqNWghfqtL58+cnJiYOHjx46tSpCu1iJh7/8csvf2nr1r2Tk28dP55MJiu0Iy/LFSBWNHAEvIYcDNykmyFSwxrTmSNj/iZbonttmuYh9+OkM2fOPP3002vWrOnv749EImVseSYef2J6+q7h4UYh7h0Z+dazz/6ZEFd0dUmSZFrf4tmHRT8WURclZJ/FqHuttpzdi3Zf6ms7W+l2lKvnaklBD4YE/I4cDNx36NAhbRSixiLaUENXmGtxjGk1bSHhizMURTl27NhTTz01Pz9frjaPx+OPT09/YXi4UQghRHMweN+WLXtee+2NmRknMzGKoqjhgvpCFP6cxbxbGXdkirwLahY5GPiJMWejXeqrJmAsUjhEMM4IBAJXXXXVddddt2LFinK1uW9i4suf+lSjpqQ1GNzR1/fI5OS94XBHR4e66+wLbarDmPbQvpU3R1JQP42JELXEIkFiM32iq2PM1pCGQe0ggoGf2Iw/dNW0U0uDg4MEMZXW3d09MDAQi8XK2+wXh4b2jo39+ebNzcFgtuTI7Oz+8fFtra2JRCJbYjx46yIJtZqwDE18EQT4opNA5TCLBB+zObUkDHNSqJCWlpabb755ZGSk7OGLEKItErlt3bpvj47OybIQ4sjs7N6xsc2NjW1tbc3NzWo1i1mVwAV2dlfK7IzpKpa8AYdxq7zUj8NcEmoQORg4yk4uRDc3lKvQdHPTaizjdYAkSf39/evXr6+rq9R5USgUurSz8w5F2TU6uqOvb//4+Eg43NPT09vbG41Gs3WMM0cq3VSR9b4s2vEOi7W9QC0ggoGjjPM7eV9bFJpuYl0NFbJ+/XoH9iJJ0hVdXXcL8ejU1LbW1vb29p6enlgsFrwwr5RVRDLDVCntFLdtuXoO1AIiGAB+IknS2q6ue8LhpaWlSCQSjUa14Ytu+a32QmXTFa+mbxnbsabO4xSUCCluq7yzUeRjUDuIYAD4jCRJ6pVHOsaDt+lK3oLeyrsjO6/t773QntisA1QfVvICgJ9YzDSRgEFNIYIBAJ+xuKmMwz0BXEQEAwAA/Id1MKisubk5t7sAAKhCRDCoIDmjnG5eKwcYZrhIUEl3LLyRt1p/f/+BAwcc6A/s6+/vd7sLwPs4tKCCZEWpl5fkUDmfTowqUC8vZWys2CAC9hqboSfgDNbBoILaWmJNqbjbvYDnNKXOtrbkf+xANgJ2oD+wyWboCTiDCAYVNDAwUJ9a4CAELUlOhFLnNm7cmLcmEbDX2Aw9AWcQwaCCwuHwJas6WhPv1Clpt/sCT6hT0isX31ndeUlDQ0PeykTAnmI/9AScQQSDytq0aVOjVN9x/lh9ZtntvsBl9ZmljnNvhxtWbNiwwU59ImDvKCj0BJzBDRzhhKmpqeMnTqal5sVQNBlsZG1mTQkqaUlONKbi9alz3V2dAwMDBW3+zLOjiWR6LtybqltRoR7CWn1mqfX8O+EGacvNI273BfgAEQwcsri4+OKLk/GFhUAgUBcQdTyAtzZkFCWjCEVRWqLR66/fVNwZPBGwK0oMPYFKI4IB4ANEwA4rS+gJVBQRDJDfzp07d+7c6XYvULwyPvKwjIOhjL3imY6oQQx6ID8OD37nzVjBm00BfsG1SAAAwH+IYAAAgP8QwQAAAP8hggFQ/R544AG3uwCgzFj8BeTHMkmovLn8liGKGkQOBgDcQWYIKAURDAC4o4w3GSIYQg0iggFQ/ar+hoRV/wEBIyIYID9OcP1u165d5WqKwQB4BIu/AFQ/by505WkVQCnIwQCAO8qYGSISQg3y4nkJAJSXN3MwXE0NlIIcDJAfJ7hQMRgAjyBsB/LjBNfvvJnt8GZTgF+QgwEAAP5DBAMAAPyHCAYAAPgPEQyA6sdt6IDqw+IvID+WSULlzeW3DFHUIHIwAOAOMkNAKYhgAMAdPJsaKAURDIDqV/W3oav6DwgYEcEA+XGC63c8mxqoPiz+AlD9vLnQlWdTA6UgBwMA7uDZ1EApvHheAgDl5c0cDFdTA6UgBwPkxwkuVAwGwCMI24H8OMH1O29mO7zZFOAX5GAAAID/EMEAAAD/IYIBAAD+QwQDoPpxGzqg+rD4C8iPZZJQeXP5LUMUNYgcDAC4g8wQUAoiGABwB8+mBkpBBAOg+lX9beiq/gMCRkQwQH6c4Podz6YGqg+LvwBUP28udOXZ1EApyMEAgDt4NjVQCi+elwBAeXkzB8PV1EApyMEA+XGCCxWDAfAIwnYgP05w/c6b2Q5vNgX4BTkYAADgP0QwAADAf4hgAACA/xDBAKh+3IYOqD4s/gLyY5kkVN5cfssQRQ0iBwMA7iAzBJSCCAYA3MGzqYFSEMEAqH5Vfxu6qv+AgBERDJAfJ7h+x7OpgerD4i8A1c+bC115NjVQCnIwAOAOnk0NlMKL5yUAUF7ezMFwNTVQCnIwQH6c4ELFYAA8grAdyI8TXL/zZrbDm00BfkEOBgAA+A8RDAAA8B8iGAAA4D9EMACqH7ehA6oPi7+A/FgmCZU3l98yRFGDyMEAgDvIDAGlIIIBAHfwbGqgFEQwAKpf1d+Gruo/IGBEBAPkxwmu3/FsaqD6sPgLQPXz5kJXnk0NlIIcDAC4g2dTA6Xw4nkJAJSXN3MwXE0NlIIcDJAfJ7hQMRgAjyBsB/LjBNfvvJnt8GZTgF+QgwEAAP5DBAMAAPyHCAYAAPgPEQyA6sdt6IDqw+IvID+WSULlzeW3DFHUIHIwAOAOMkNAKYhgAMAdPJsaKAURDIDqV/W3oav6DwgYEcEA+XGC63c8mxqoPiz+Akzcf//9Fu8++OCDjvUEZeHNha48mxooBTkYwMRKjZaWlpaWFm2J271DleDZ1EApQm53APCir33ta+rrJ598MhAI3HLLLS72B0XQJdLUP4tIoeXKyZXeVLl6tXv37qWlpaKbAvyICAawoijKrl27ZmZm/uAP/iAQCLjdHRRAly0rJXmm3fa5554bGRnxWq9KbArwIy/ODQPesX///m9+85v/9V//tX///ltvvdXt7qBI3rx3nDebAvyCQQ/klMlkrr322t27d2/fvv2aa645fPhwXR1Lx3zJm7GCN5sC/IJZJCCnxx57rKmpadu2bUKIpqamxx9/fMeOHW53CnZVbh1M9TUF+BERDGAuk8ns2rVr9+7d2T+//vWv33///bfddhtpGL/w5ooTbzYF+BGJR8Dcj370o+985zuTk5PiQop+48aN9913H2kYPyrjnVe8OfXDLBJqEIMeMKGugMlOIWUPDwcOHLj//vtZDVPjvBl2EMGgBvFDDJjQroBRbeptuNQAABwpSURBVN++Pbsaxq1eocrwgAKgFITtgJ4uASM0J7ikYeDNbAcPKEAN4lcY0PvFL34hSdKnP/1p41vbtm2TJGl8fNz5XqEUVX90r/oPCBh58WQCVWlxcXFycvK9+YW6QKAuIOq4v23FZBQlowhFEStj0U2bNjY0NLjdozJg/JRXVQ4S1BoiGDhhamrq+ImTaal5MRRNBhvlAJfxV1ZQSUtyojEVr0+d6+7qHBgYcLtHJWH8VEKVDRLUICIYVNwzz44mllNzTR9K1a1wuy81pz6z1Lr4TniFtOXm4h/l4y7GT6VVwSBBbWIdDCrrhRdfTCTTpyOXcfhxRaqu4XTTZYvLyampKbf7UgzGjwP8PkhQs4hgUEGLi4unTp2ea+zJkPZ3TyYQei/8oZkTJ5eWltzuS2EYP47x7yBBLWMWCRX085///FRCmWvo1hb+8zdSeTds7ZRuuPVYtLVjRWO4Yr2rLW2J33WE62688Ua3O1IAxo/D/DhIUMs4s0EFzZ6NLzb16gqv/L2WujoRyF5Lko2fA0Io7/9/RlEURURagkdemrhm4IaO7jVOd7pKna+PBc/+zu1eFIbx4zA/DhLUMiIYVFAwEEgFG3WFn/3KqlvWh4QQGUXImez/K3JGpBWRlkU6oyTT4vmjiz/47m+XPvIxN3pdnVLBxoDfrkBm/DjMj4MEtYwIBhUUrAvIAf1aq4CiLCym//vUYkpWgsG6WFP9zHtLqbTSFmucmUssp5S13VE5lTZt8Cs3XSmE2PP86xXvuh8svnfyvd8eNX1r5Zp14ZWXaEsygVCozmcHp7KPH18o7yCv+kGCWkYEg0rT/yBmFEVWxFIqs5yUQ6FggxRKLGeW00oklTm/nEkupxYSiVQy6Upf/aUx2vbWfx9Nno/ryqWmWNdHB3WFvl3v5unxYx1tlB6LaFsorrXaGCSoUUQwcFpGluVMKJXOLKeVjJJOytJySllOpZfTynIyk0oll5ZXyOn8qzURCIZWXzt07IWDuvLV1w7VBav2P21PjR/reKL0PErpLdTmIEGNYATDabKcyS5ckDMiEHh/7UJaFilZpDMinRFpWaTTsp2msmelKu2pqkV5NU1CrVxz9amjv1qcO6GWRNq7V6652sUuVVop48c4YHSjQpfnUP/UvTCtr21c926uzXW9Mo5M44YWe8n1L1aDgwQ1gvvBwGmZdFrOCFkRckbIGSWlKOn3jz3qC5FJ51/HoP5wZ/+XLTEWGisbQxz/CgQCvf2b1dWXgUCgu+/G6l6MWfr40Q4Y7eu8u7aon2vg5d3cZh/UNi3az6UGBwlqBBEMnJaR0ylZpGSRkuVUOpNOi6Qs0nImmc6k5UxaVlKyItuIYIpWTTkYIURT++pYz4ezr1t6r2xqX+1ufyrNxfFT4sgx3dyZ0VhrgwQ1glkkOC2dklMZkUimk8vL6bpAYmkpubycSqcSiWAytSyn0ilZke3NItmXTb1U66VM3b93Y/zdN4UQq68bdrsvFefK+Kmc4jKC2vEs7A3pmhokqBFEMHBaOi2n0/KKoKwEMyIg0qlkqE4WQSWdSobqMoH6OjkjFLn8RyDtTFOVBTErIrFV6z6WfeF2XyrOrfFTCbmW0VRCTQ0S1AgiGDgtnUrV19d1tkeWllakM4qs1K1a0ZBOy2klsCIckDMiUFevZDKl70h7SKi+qEXnkvUb3e6CQ1wZPx6kXSBsc5PaGSSoEUQwcNqZucTBQ+/I2UtKFEXJCEVRMkr2dUARihAisbictx1dIl1cnGURhks/qvJaJFVIanC7Cw4p1/gxpZtttB/E2JnWMY5V4xi23zebHdOqnUGCGsGTHVFBBw4ceDeyTld4+t3fHnlp4vS7v7XetqN7TenPtanWhS/F6T53dPv27W73ogCuj59yqcQ4rNDY9t0gQS0jBwOnRVs7rhm4Ie8zaxoaw9HWjiLaN71JDKpGpccPAL8ggoHTVjSGK3pmTMhS3So9fiqhEmOScQ5wPxgAAOA/RDAAAMB/iGAAAID/sA4GldV97qjbXYCPMX4A5EIEgwr65S9/+cADD7jdC7xv165d/rpQlvHjPN8NEtQyZpEAAID/EMEAAAD/IYIBAAD+QwQDwGfOH7vv/FtfkdOLPBQFqGVEMHBBfG72wEN73zt9OpVKud0X+Mz51z8hyYfqg79ePvzhs7NvptNpt3sEwB1EMHDa2dnZXz594KZ1a3/+v7//7m+PJZNJd/sTCARcaa28+60RSyf+qaHjKtHYEJA+0lAfOffmvfPz83kzMWX8p+b7BbyDCAaOOjs7+6tnDg6uu7IutXzTZT2/3PdPx4+97WQQY+e4ErhAfa3bPHAx7bvao6lxX9oSRVE4yBUqUNeoZM4GgyJ4flKk04nz8/F4PJPJfFCB7xeoGUQwcM7Z2TO/eubA4Lq1SmIxc24hMB+/sSX80j/ufvfttxwLYuysnMjWsaipKIpaJ1c168MbirNi1R3nT/42s3xeObewsLTw69nP6/5V+X6B2kEEA+f8Yv/jGy9do5ybz5ydk2dPy6dPZBbiV62oO/T/PRqPx7N1jCfE4uKTZtM/LSrr2KymZfNkWneCbjzymZZw2CtY5M5AcEXi3NwrJzd2rr46FovV1X3wO6YbP3a+Yr5fwKeIYOCc4c/c9vxL/5mcOyPPnpZPzSTn46fOnX9Bru8aujGRSOTaKnvkUM+GtX9qwxHjuxY9sVkNHiRJkggIWYTi0v+5Zs2a5uZm0yiBrxioekQwcE4k1vLR7Z/56a8OJ0+fTC3Mnz6/+B/pUPeW7W1tbc3NzRYb6g5RxnNr69UJpeNk2juyX0SdkljZEmlubg6FyvBoFL5fwI+IYOCcUCjU1fuhj91x1/Nvv3Ny4dyhdKhny/aenp7e3t5oNJprKzXdoh5jFI28lVGVlECdwmPdgNpGBANHSZK0+tLLPn7PXx5p61176x/39vb29vbGYrFgMGi9oelcQK4wpRITB5yme0TDJXcmzs6cDXyssbEx77Cxj+8X8B1OYuA0SZK6L7v8k1/+H0tLS5FIJBqNao9DxgOJNvWiq2CMVCze0rI+XKlLgwuKhLJtqpsYGzEtYZVGEeTul9INs52NjZIk5apj8RXz/QLVgQgGLpAkqaOjI9e7uh/9vBd9WF8hkmtb64tp7TSeN0jKW4LixGKxWCxm+padwcD3C1QHIhhUM+NZeEUPM7rTdGucoPsO3y/gKUQwqGbOH0Ls75HDmx/x/QLewUpeAADgP0QwAADAf4hgAACA/xDBAAAA/yGCAQAA/kMEAwAA/IcIBgAA+A8RDAAA8B8iGAAA4D9EMHDByfn5Bw8ePHH2bCqVcrsv8B/GDwBBBAPnzcTjP3755S9t3bp3cvKt48eTyWSumhaPj0bNsj9+aoH9/0b4rwnVhwgGjpqJx5+Ynr5reLg9GLx3ZGTfq6++OTNT6EHI5m9xQMP0LdOa2XJjCbygLOOnOLoBo3sr13AyVtOOMYv2bTaoe/qSWsE4gLOPpSzsMwPeRgQD5xyPxx+fnv7C8HCjEEKI5mDwvi1b9rz22hsVOwgpF1j/dmfraF9ot+URfR7h/PgpmnHgZaONokeUnZGse4sBjKpHBAPn7JuY+NzQUKOmpDUY3NHX98j0dDweVwuNp5u5SnK9a2R6LOGU1F/sjB/TdIWuxJhs0+6l0MSbneFkTJaU2KCxTTu7YMyjyhDBwDlfHBraOza2IMtqyZHZ2f3j45sjkUQikS3Rnqqq1YwnoGoFbf3y/joXeiRDpdkZPyL3aDGWGGMFi+GklhQUjljLNT1URDvGLjGAUfWIYOCctkjktnXrvj06OifLQogjs7N7x8Y2Nza2tbU1NzdbbGj9W1yhX2oy8F5TofFTSuW8jViPH/sTPXkb1GaVdC0TxKBahdzuAGpIKBS6tLPzDkXZNTq6o69v//j4SDjc09PT29sbjUZzbaX91Tb9LS4oyND+youynk+j0io0fnTKMpzUBKH9pkppUPsBGc+oHUQwcJQkSVd0dd0txKNTU9taW9vb23t6emKxWDAYLL1x6zNURbNEV1te+n7hmIqOHx3jcFInnnSF2k1M65tumIudBovoPFB9iGDgNEmS1nZ13RMOLy0tRSKRaDSqPfxYrD8wlhgXN+j2ZfFWXtqdcjDwDuvxY1TQNIr1cCqC6WqbUhq3GRWZfhDCGlQZIhi4QJKkjo6OXO8af2StSyx+xPMW5mqHH3ovsxg/pl9iri/dtELelSt5/8y7u0K3td4w11uMYVQ9VvICgC8VlF4iAYPqQwQDAH5lPyghfEH1IYIBAAD+QwQDAAD8hwgGAAD4DxEMAADwHyIYAADgP0QwAADAf4hgAACA/xDBAAAA/yGCAQAA/kMEAxecnJ9/8ODBE2fPplIpt/sC/2H8ABBEMHDeTDz+45df/tLWrXsnJ986fjyZTLrdIxfkepyN/cfc1KwaHD8FPfyooj0BPIUIBo6aicefmJ6+a3i4PRi8d2Rk36uvvjkzY3EQsvhFLvrHOnAxbYn6WrcXY4nNrXQ7Ut/VPaRGfbegZ/XVoLzjp8R/PdMvWv3T+NUbd2ccWhbtG/80tmkxWowDjPGDmkIEA+ccj8cfn57+wvBwoxBCiOZg8L4tW/a89toblkFM2SmKkj0kaF+Iwh99l3cr445Mccixyc74cez5hcoFxthUVZY2dXRvlbI7wO+IYOCcfRMTnxsaatSUtAaDO/r6HpmejsfjaqHuTNT03Ff3Vt4cSUGMhxC1xHhCbLGVKV0LxgY5jc7Fzvgx/fZNExsFDQ81NLGOLeyHEXYaNLZpZxeMH9QOIhg454tDQ3vHxhZkWS05Mju7f3x8cySSSCSyJdqz2GyJ8bX6G21x6mlsx4MKOubBzvjRUoeKLlawGBt2QtVCFRotWbRj7FJZWgZ8iggGzmmLRG5bt+7bo6NzsiyEODI7u3dsbHNjY1tbW3Nzs1rN+jS3oPPmoruaKw1jfVQr4vTXNI0EUzbHjzPUoWgnKWIzmM7bpm60aFtm/KAGhdzuAGpIKBS6tLPzDkXZNTq6o69v//j4SDjc09PT29sbjUazdbK/3eoPtHZz7S973t9ri3a8Q/txPNtJ77AzfipBF2JqB1VxcYOxQUWzpipXm4wWQIcIBo6SJOmKrq67hXh0ampba2t7e3tPT08sFgsGg9pq5TqnLKWd4rblbLiibI6fUpgm23SLUUwr28nS5W2woHYIZVDjiGDgNEmS1nZ13RMOLy0tRSKRaDSqPfyov+bao4LQrGlQa1q8ZWzHWnFLH4rbKu/xicOSNevxY0d5o0xjEKN9q8Q2rUeLdndkaFCDiGDgAkmSOjo6TN8yXVyZ612bb+XdkZ3X9vdeaE9s1oHKzvixeCEuPt5bNGLnz1wtW/xpv9CUxe6AmsJKXsBpFjkATqCdYX8drusKyhj54hMB5UIOBnCBxbyAwz2pTf76d7bfW399LqBE5GAAAID/EMEAAAD/YRYJgEf19/cfOHDA7V7Ulv7+fre7ANhFBAPAu1pbW93uQm2Zm5tzuwuAXcwiAQAA/yGCAQAA/kMEAwAA/IcIBgAA+A8RDICqNTg4ODg46HYv3HT06NHXX3+dO92hKnEtElxwcn7+oYmJOwcH25qa6uvr3e4OfEMbjhw6dMjFnvhFIpGYnp4+fPhwX1/f5ZdfzoPTUU3IwcBpM/H4j19++Utbt+6dnHzr+PFkMul2j+AbatRC+FKQ8+fPT0xMHDx48NSpU273BSgbcjBw1Ew8/sT09F3Dw41C3Dsy8q1nn/0zIa7o6pIkqbgGHXuUXa4dmZarZ7q6ZyBr/zR9PHK2UHeibHy2X7bE2Jqxmu3P50u6GSI1rDGdOTLmb7IlutemaZ7qyP2cOXPm6aefXrNmTX9/fyQScbs7QKnIwcA5x+Pxx6envzA83CiEEKI5GLxvy5Y9r732xsxM0ZkYDx6ks/FEVt6kvbay+lnU18ZCbYmR6YZV79ChQ9ooRI1FtKGGrjDX4hjTatpC/4YvWYqiHDt27Kmnnpqfn3e7L0CpyMHAOfsmJr78qU81akpag8EdfX2PTE7eGw53dHRkC3MlMIQhRaFNRegyGRaJDfVd3THeWMG0G9aRgS4lo+2hLnFirFwQtTXHslBVwJiz0S71VRMwFikcv0cwgUDgqquuuu6661asWOF2X4BSEcHAOV8cGto7Nvbnmzc3B4PZkiOzs/vHx7e1tiYSCbWabnLEzlHfdFLGOMmihjK6F6Yt5NrcLcbPRfhSKJvxh66admppcHDQv0FMd3f3wMBALBZzuyNAeTCLBOe0RSK3rVv37dHROVkWQhyZnd07Nra5sbGtra25uVmtFrhAW6Jtp0LXUxj3W3a55pXs7DrvFBIKZXNqSRjmpHynpaXl5ptvHhkZIXxBNSEHA+eEQqFLOzvvUJRdo6M7+vr2j4+PhMM9PT29vb3RaDRbJ1cuRH2t+7OM3dNlesrYss1dF7rTGpxFspML0c0N5So03dy0mq+X8UqS1N/fv379+ro6zldRbYhg4ChJkq7o6rpbiEenpra1tra3t/f09MRiseCFeaVcjGtTKhdklNJyrquEdBVMKxfayVzLa6qYcX4n72uLQtNNrKv5zvr1693uAlApRDBwmiRJa7u67gmHl5aWIpFINBrVhi/G0MRiGa/FVoUyBha5KpiuwtF2SdeU/f1aM11cDAA1iwgGLpAkSb3yyMiYtLDzp8UVQ7p1uMYXxj9NX5vGDTYLczWeqwXrTYprEACqCREMqoT9tAcAoAoQwaBKELgAQE1hdToAAPAfcjAAvGtubs7tLgDwKCIYAB4lZ5TTzWvlAD9TDgkq6Y6FN9zuBWAXs0gAPEpWlHp5ye1e1JB6eSnDejL4BxEMAI9qa4k1peJu96KGNKXOtrbw2AH4BhEMAI8aGBioTy2QhnGGJCdCqXMbN250uyOAXUQwADwqHA5fsqqjNfFOnZJ2uy9Vrk5Jr1x8Z3XnJQ0NDW73BbCLCAaAd23atKlRqu84f6w+s+x2X6pWfWap49zb4YYVGzZscLsvQAFY5A/A07ZuuXlqakqceDstNS+GoslgI1cnlUVQSUtyojEVr0+d6+7qHBgYcLtHQGH4IYALTs7PPzQxcefgYFtTU319vdvdgddt2LBhcXHxxRcngwu/CwQCdQFRV7Enk9eIjKJkFKEoSks0ev1NNzN5BD8igoHTZuLxx6env7R1657nnvvjq666rKtLkiS3OwWvC4fDmzff5HYvAHgI62DgqJl4/Inp6buGh9uDwXtHRva9+uqbMzPJZFKtENCcWwcKP8+2s0ngYrpC9bWufq4NAQCuIIKBc47H449PT39heLhRCCFEczB435Yte1577Y2LgxhVEQ9rtLOJoijZauoLdcO8mysahfYNAFBGRDBwzr6Jic8NDTVqSlqDwR19fY9MT8fjH9y4TJvzEJbZEd27QpODKTFZoiiKukeCFQDwICIYOOeLQ0N7x8YWZFktOTI7u398fHMkkkgk1EJjhiNbkg0m1NhCXAgvdIW6rUzfKhpTSADgEUQwcE5bJHLbunXfHh2dk2UhxJHZ2b1jY5sbG9va2pqbm4trs3IhhRoz6QqZQgIAL+BaJDgnFApd2tl5h6LsGh3d0de3f3x8JBzu6enp7e2NRqPFtUkwAQC1iQgGjpIk6YqurruFeHRqaltra3t7e09PTywWCwaDJbZciQUrhEcA4FlEMHCaJElru7ruCYeXlpYikUg0GtWGL+qyFZtXFanzRyVGGzbX7Wqnq4hvAMBFRDBwgSRJHR0dud7NdYWz8YUwhBF26lhvaFrf5rXWAADHsJIXAAD4DxEMAADwHyIYAADgP0QwAADAf4hgAACA/xDBAAAA/yGCAQAA/kMEAwAA/IcIBgAA+A8RDAAA8B8iGAAA4D9EMHDByfn5Bw8ePHH2bCqVcrsvAABfIoKB02bi8R+//PKXtm7dOzn51vHjyWTS7R4BAPyHCAaOmonHn5ievmt4uD0YvHdkZN+rr745M6MNYgKBgOnrMjJtNnAxXaH6Wlc/14YAgEojgoFzjsfjj09Pf2F4uFEIIURzMHjfli17XnvtjYuDGJWiKI71TVGU7O7UF2oH8nZD0ah0PwEAWUQwcM6+iYnPDQ01akpag8EdfX2PTE/H43G1UJveEJaJEN27piWmSZ3i8iWKoqjdIFgBAHcRwcA5Xxwa2js2tiDLasmR2dn94+ObI5FEIqEWGpMZ2ZJs3KCGEeJCJKEtNJaYKm++hCkkAHAeEQyc0xaJ3LZu3bdHR+dkWQhxZHZ279jY5sbGtra25ubm4tp0OHpQAyldIVNIAOCwkNsdQA0JhUKXdnbeoSi7Rkd39PXtHx8fCYd7enp6e3uj0WhxbRI3AEBtIoKBoyRJuqKr624hHp2a2tba2t7e3tPTE4vFgsFgiS07tjaFmAkAvIAIBk6TJGltV9c94fDS0lIkEolGo9rwRV2/YidQ0C52Ua8bsigpdBc21+1q2ye+AQBnEMHABZIkdXR05Ho318XMxhfCLGIorsS03M6OCFkAwBWs5AUAAP5DBAMAAPyHCAYAAPgPEQwAAPAfbo6OCjpw4IDbXcBFtm/f7nYXAKA8uBYJldXa2up2F/C+ubk5t7sAAGXDLBIAAPAfIhgAAOA/RDAAAMB/iGAAAID/EMHA0wYHBwcHB93uhUcdPXr09ddf53JCALWJa5HgKG04cujQIRd7UgUSicT09PThw4f7+vouv/xy3QMsAaC6kYOBo9SohfClXM6fPz8xMXHw4MFTp0653RcAcA45GLhJN0OkhjWmM0fG/E22RPfaNM1T9bmfM2fOPP3002vWrOnv749EIm53BwAqjhwM3Hfo0CFtFKLGItpQQ1eYa3GMaTVtYVWGL1mKohw7duypp56an593uy8AUHHkYOAnxpyNdqmvmoCxSOFUcQQTCASuuuqq6667bsWKFW73BQAqjggGfmIz/tBV004tDQ4OVmUQ093dPTAwEIvF3O4IADiECAY+plsHY3HdtfXck6+1tLQMDAysXr3a7Y4AgKOIYOAoO7kQ3dxQrkLTzU2rVesyXkmS+vv7169fX1fHgjYANSfA7bBQOQcOHODZ1N4xNze3fft2t3sBAOXBqRsAAPAfIhgAAOA/RDAAAMB/iGAAAID/EMEAAAD/4WpqVNbc3JzbXQAAVCEiGFSQnFFON6+VAwwz9wWVdMfCG273AgDKhlkkVJCsKPXyktu9gBBC1MtLGW7+BKCKEMGggtpaYk2puNu9gBBCNKXOtrbw1CQA1YMIBhU0MDBQn1ogDeM6SU6EUuc2btzodkcAoGyIYFBB4XD4klUdrYl36pS0232pXXVKeuXiO6s7L2loaHC7LwBQNkQwqKxNmzY1SvUd54/VZ5bd7kstqs8sdZx7O9ywYsOGDW73BQDKiSc7wglTU1PHT5xMS82LoWgy2MjVSZUWVNKSnGhMxetT57q7OgcGBtzuEQCUGREMHLK4uPjii5PxhYVAIFAXEHWBgNs9qloZRckoQlGUlmj0+us3MXkEoCoRwQAAAP9hHQwAAPAfIhgAAOA/RDAAAMB/iGAAAID/EMEAAAD/IYIBAAD+QwQDAAD8hwgGAAD4z/8PgRby7W/hMEQAAAAASUVORK5CYII=\">\n', 1);

-- --------------------------------------------------------

--
-- Table structure for table `activities`
--

CREATE TABLE `activities` (
  `id` int(11) NOT NULL,
  `receivecall` varchar(255) DEFAULT NULL,
  `location` longtext DEFAULT NULL,
  `dispatched` time DEFAULT NULL,
  `arrivalscene` longtext DEFAULT NULL,
  `image` longtext DEFAULT NULL,
  `municipality_id` int(11) NOT NULL,
  `status` tinyint(4) DEFAULT NULL,
  `alarmstatus` varchar(255) DEFAULT NULL,
  `fireout` time DEFAULT NULL,
  `occupancy` longtext DEFAULT NULL,
  `fatality` longtext DEFAULT NULL,
  `damage` longtext DEFAULT NULL,
  `returnedunit` varchar(255) DEFAULT NULL,
  `commander` varchar(100) DEFAULT NULL,
  `commandercontact` varchar(45) DEFAULT NULL,
  `sender` varchar(100) DEFAULT NULL,
  `contact` varchar(45) DEFAULT NULL,
  `firetruck` varchar(105) DEFAULT NULL,
  `cause` varchar(255) DEFAULT NULL,
  `summary` longtext DEFAULT NULL
) ENGINE=InnoDB DEFAULT CHARSET=utf8mb4 COLLATE=utf8mb4_general_ci;

-- --------------------------------------------------------

--
-- Table structure for table `help`
--

CREATE TABLE `help` (
  `municipality_id` int(11) DEFAULT NULL,
  `activities` int(11) DEFAULT NULL,
  `status` tinyint(4) DEFAULT NULL
) ENGINE=InnoDB DEFAULT CHARSET=utf8mb4 COLLATE=utf8mb4_general_ci;

-- --------------------------------------------------------

--
-- Table structure for table `logs`
--

CREATE TABLE `logs` (
  `users_id` int(11) NOT NULL,
  `date` date DEFAULT NULL,
  `status` tinyint(4) DEFAULT NULL,
  `assignment` longtext DEFAULT NULL,
  `timein` time DEFAULT NULL,
  `timeout` time DEFAULT NULL
) ENGINE=InnoDB DEFAULT CHARSET=utf8mb4 COLLATE=utf8mb4_general_ci;

-- --------------------------------------------------------

--
-- Table structure for table `municipality`
--

CREATE TABLE `municipality` (
  `id` int(11) NOT NULL,
  `name` varchar(45) DEFAULT NULL,
  `img` varchar(45) DEFAULT NULL
) ENGINE=InnoDB DEFAULT CHARSET=utf8mb4 COLLATE=utf8mb4_general_ci;

--
-- Dumping data for table `municipality`
--

INSERT INTO `municipality` (`id`, `name`, `img`) VALUES
(1, 'Mati', 'mati.png'),
(2, 'Lupon', 'lupon.png'),
(3, 'Cateel', 'cateel.png'),
(4, 'Baganga', 'baganga.png'),
(5, 'Tarragona', 'tarragona.png'),
(6, 'Gov. Gen', 'govgen.png'),
(7, 'Manay', 'manay.png'),
(8, 'Boston', 'boston.png'),
(9, 'BanayBanay', 'banaybanay.png'),
(10, 'Caraga', 'caraga.png'),
(11, 'San Isidro', 'sanisidro.png');

-- --------------------------------------------------------

--
-- Table structure for table `responded_personnel`
--

CREATE TABLE `responded_personnel` (
  `users_id` int(11) DEFAULT NULL,
  `activities_id` int(11) DEFAULT NULL
) ENGINE=InnoDB DEFAULT CHARSET=utf8mb4 COLLATE=utf8mb4_general_ci;

-- --------------------------------------------------------

--
-- Table structure for table `responded_team`
--

CREATE TABLE `responded_team` (
  `activities_id` int(11) NOT NULL,
  `team_id` int(11) NOT NULL
) ENGINE=InnoDB DEFAULT CHARSET=utf8mb4 COLLATE=utf8mb4_general_ci;

-- --------------------------------------------------------

--
-- Table structure for table `responding_vehicle`
--

CREATE TABLE `responding_vehicle` (
  `activity_id` int(11) NOT NULL,
  `vehicle_id` int(11) DEFAULT NULL
) ENGINE=InnoDB DEFAULT CHARSET=utf8mb4 COLLATE=utf8mb4_general_ci;

--
-- Dumping data for table `responding_vehicle`
--

INSERT INTO `responding_vehicle` (`activity_id`, `vehicle_id`) VALUES
(1, 1),
(2, 1),
(1, 3),
(2, 2),
(1, 4),
(5, 1);

-- --------------------------------------------------------

--
-- Table structure for table `team`
--

CREATE TABLE `team` (
  `id` int(11) NOT NULL,
  `name` varchar(45) DEFAULT NULL,
  `municipality_id` int(11) NOT NULL,
  `status` tinyint(4) DEFAULT NULL
) ENGINE=InnoDB DEFAULT CHARSET=utf8mb4 COLLATE=utf8mb4_general_ci;

--
-- Dumping data for table `team`
--

INSERT INTO `team` (`id`, `name`, `municipality_id`, `status`) VALUES
(1, 'Team payaman', 1, 1),
(2, 'team 1', 1, 1),
(3, 'team 2', 1, 0),
(4, 'new team', 1, 0),
(5, 'argie teams', 1, 0),
(6, 'ragas team', 1, 0),
(7, 'codog team', 1, 0);

-- --------------------------------------------------------

--
-- Table structure for table `users`
--

CREATE TABLE `users` (
  `id` int(11) NOT NULL,
  `badge` int(13) NOT NULL,
  `username` varchar(100) NOT NULL,
  `password` longtext NOT NULL,
  `firstname` varchar(50) NOT NULL,
  `middlename` varchar(50) DEFAULT NULL,
  `lastname` varchar(50) NOT NULL,
  `usertype` varchar(10) DEFAULT NULL,
  `team_id` int(11) DEFAULT NULL,
  `municipality_id` int(11) NOT NULL
) ENGINE=InnoDB DEFAULT CHARSET=utf8mb4 COLLATE=utf8mb4_general_ci;

-- --------------------------------------------------------

--
-- Table structure for table `vehicle`
--

CREATE TABLE `vehicle` (
  `id` int(11) NOT NULL,
  `vehicle` varchar(45) DEFAULT NULL,
  `type` varchar(45) DEFAULT NULL,
  `status` tinyint(1) DEFAULT NULL,
  `municipality_id` int(11) NOT NULL
) ENGINE=InnoDB DEFAULT CHARSET=utf8mb4 COLLATE=utf8mb4_general_ci;

--
-- Dumping data for table `vehicle`
--

INSERT INTO `vehicle` (`id`, `vehicle`, `type`, `status`, `municipality_id`) VALUES
(1, 'vehicle', 'Medium Fire engine', 1, 1),
(2, 'vehicle #2', 'Heavy Fire engine', 0, 1),
(3, 'vehicle #3', 'Medium Fire engine', 0, 1),
(4, 'vehicle #4', 'Light Fire engine', 0, 1),
(5, 'vehicle #1', 'Medium Fire engine', 0, 2),
(6, 'vehicle #2', 'Heavy Fire engine', 0, 2),
(7, 'vehicle #3', 'Medium Fire engine', 0, 2),
(8, 'vehicle #4', 'Light Fire engine', 0, 2),
(9, 'vehicle #1', 'Medium Fire engine', 0, 3),
(10, 'vehicle #2', 'Heavy Fire engine', 0, 3),
(11, 'vehicle #3', 'Medium Fire engine', 0, 3),
(12, 'vehicle #4', 'Light Fire engine', 0, 3),
(13, 'vehicle #1', 'Medium Fire engine', 0, 4),
(14, 'vehicle #2', 'Heavy Fire engine', 0, 4),
(15, 'vehicle #3', 'Medium Fire engine', 0, 4),
(16, 'vehicle #4', 'Light Fire engine', 0, 4),
(17, 'vehicle #1', 'Medium Fire engine', 0, 5),
(18, 'vehicle #2', 'Heavy Fire engine', 0, 5),
(19, 'vehicle #3', 'Medium Fire engine', 0, 5),
(20, 'vehicle #4', 'Light Fire engine', 0, 5),
(21, 'vehicle #1', 'Medium Fire engine', 0, 6),
(22, 'vehicle #2', 'Heavy Fire engine', 0, 6),
(23, 'vehicle #3', 'Medium Fire engine', 0, 6),
(24, 'vehicle #4', 'Light Fire engine', 0, 6),
(26, 'asdfa', 'sdfasdfa', NULL, 1),
(27, 'asdfdasf', 'adfadsf', NULL, 1),
(28, 'asdfasd', 'asdfasf', NULL, 1),
(29, 'asdfasdasdfasfasdf', 'asdfasfasdfadsfasdfsdf', NULL, 1),
(30, 'asdfasdf', 'asdfasdfasdfasdfadf', NULL, 1),
(31, 'asdf', 'asdf', NULL, 1);

--
-- Indexes for dumped tables
--

--
-- Indexes for table `abouts`
--
ALTER TABLE `abouts`
  ADD PRIMARY KEY (`id`);

--
-- Indexes for table `activities`
--
ALTER TABLE `activities`
  ADD PRIMARY KEY (`id`),
  ADD KEY `fk_activities_municipality1_idx` (`municipality_id`);

--
-- Indexes for table `logs`
--
ALTER TABLE `logs`
  ADD KEY `fk_logs_users1_idx` (`users_id`);

--
-- Indexes for table `municipality`
--
ALTER TABLE `municipality`
  ADD PRIMARY KEY (`id`);

--
-- Indexes for table `responded_personnel`
--
ALTER TABLE `responded_personnel`
  ADD KEY `fk_table1_users_idx` (`users_id`),
  ADD KEY `fk_table1_activities1_idx` (`activities_id`);

--
-- Indexes for table `responded_team`
--
ALTER TABLE `responded_team`
  ADD KEY `fk_activities_has_team_team1_idx` (`team_id`),
  ADD KEY `fk_activities_has_team_activities1_idx` (`activities_id`);

--
-- Indexes for table `team`
--
ALTER TABLE `team`
  ADD PRIMARY KEY (`id`),
  ADD KEY `fk_team_municipality1_idx` (`municipality_id`);

--
-- Indexes for table `users`
--
ALTER TABLE `users`
  ADD PRIMARY KEY (`id`),
  ADD KEY `fk_users_team1_idx` (`team_id`),
  ADD KEY `fk_users_municipality1_idx` (`municipality_id`);

--
-- Indexes for table `vehicle`
--
ALTER TABLE `vehicle`
  ADD PRIMARY KEY (`id`),
  ADD KEY `fk_vehicle_municipality1_idx` (`municipality_id`);

--
-- AUTO_INCREMENT for dumped tables
--

--
-- AUTO_INCREMENT for table `abouts`
--
ALTER TABLE `abouts`
  MODIFY `id` int(11) NOT NULL AUTO_INCREMENT, AUTO_INCREMENT=2;

--
-- AUTO_INCREMENT for table `activities`
--
ALTER TABLE `activities`
  MODIFY `id` int(11) NOT NULL AUTO_INCREMENT;

--
-- AUTO_INCREMENT for table `municipality`
--
ALTER TABLE `municipality`
  MODIFY `id` int(11) NOT NULL AUTO_INCREMENT, AUTO_INCREMENT=12;

--
-- AUTO_INCREMENT for table `team`
--
ALTER TABLE `team`
  MODIFY `id` int(11) NOT NULL AUTO_INCREMENT, AUTO_INCREMENT=8;

--
-- AUTO_INCREMENT for table `users`
--
ALTER TABLE `users`
  MODIFY `id` int(11) NOT NULL AUTO_INCREMENT;

--
-- AUTO_INCREMENT for table `vehicle`
--
ALTER TABLE `vehicle`
  MODIFY `id` int(11) NOT NULL AUTO_INCREMENT, AUTO_INCREMENT=32;

--
-- Constraints for dumped tables
--

--
-- Constraints for table `activities`
--
ALTER TABLE `activities`
  ADD CONSTRAINT `fk_activities_municipality1` FOREIGN KEY (`municipality_id`) REFERENCES `municipality` (`id`) ON DELETE NO ACTION ON UPDATE NO ACTION;

--
-- Constraints for table `logs`
--
ALTER TABLE `logs`
  ADD CONSTRAINT `fk_logs_users1` FOREIGN KEY (`users_id`) REFERENCES `users` (`id`) ON DELETE NO ACTION ON UPDATE NO ACTION;

--
-- Constraints for table `responded_personnel`
--
ALTER TABLE `responded_personnel`
  ADD CONSTRAINT `fk_table1_activities1` FOREIGN KEY (`activities_id`) REFERENCES `activities` (`id`) ON DELETE NO ACTION ON UPDATE NO ACTION,
  ADD CONSTRAINT `fk_table1_users` FOREIGN KEY (`users_id`) REFERENCES `users` (`id`) ON DELETE NO ACTION ON UPDATE NO ACTION;

--
-- Constraints for table `team`
--
ALTER TABLE `team`
  ADD CONSTRAINT `fk_team_municipality1` FOREIGN KEY (`municipality_id`) REFERENCES `municipality` (`id`) ON DELETE NO ACTION ON UPDATE NO ACTION;

--
-- Constraints for table `users`
--
ALTER TABLE `users`
  ADD CONSTRAINT `fk_users_municipality1` FOREIGN KEY (`municipality_id`) REFERENCES `municipality` (`id`) ON DELETE NO ACTION ON UPDATE NO ACTION,
  ADD CONSTRAINT `fk_users_team1` FOREIGN KEY (`team_id`) REFERENCES `team` (`id`) ON DELETE NO ACTION ON UPDATE NO ACTION;

--
-- Constraints for table `vehicle`
--
ALTER TABLE `vehicle`
  ADD CONSTRAINT `fk_vehicle_municipality1` FOREIGN KEY (`municipality_id`) REFERENCES `municipality` (`id`) ON DELETE NO ACTION ON UPDATE NO ACTION;
COMMIT;

/*!40101 SET CHARACTER_SET_CLIENT=@OLD_CHARACTER_SET_CLIENT */;
/*!40101 SET CHARACTER_SET_RESULTS=@OLD_CHARACTER_SET_RESULTS */;
/*!40101 SET COLLATION_CONNECTION=@OLD_COLLATION_CONNECTION */;
